time,seconds_elapsed,z,y,x
1761379806627678700,0.0686787109375,0.11297463727295398,0.003007365122437477,-0.1858181935571134
1761379806637761500,0.078761474609375,0.2868558709293604,0.03011632132232189,-0.07551394453719258
1761379806647844600,0.0888447265625,0.2541016023188829,0.06588526157885789,0.056568713309615846
1761379806657927400,0.098927490234375,0.09183598765432834,0.02686287248432636,0.1773715599901974
1761379806668010800,0.1090107421875,-0.05713701471686363,-0.002049041484296322,0.2444153439544141
1761379806678093600,0.119093505859375,-0.20890929241776465,0.00753682524561882,0.2509231184132397
1761379806688176600,0.1291767578125,-0.34928047066032886,-0.04552519511729478,0.21925883699655532
1761379806698259700,0.139259765625,-0.4821113165259361,-0.06663520316332579,0.12592238165140152
1761379806708342500,0.149342529296875,-0.5627157160699368,0.013536065660417079,-0.05950111349970102
1761379806718425600,0.159425537109375,-0.5997755729198455,0.1349495915852487,-0.18012904200479388
1761379806728508700,0.1695087890625,-0.5291846178680658,0.17825696452260018,-0.18021014441698788
1761379806738591700,0.179591796875,-0.4311941992372274,0.08513488258048892,-0.09779314249306917
1761379806748674600,0.189674560546875,-0.24623159959614274,-0.01665741255134344,-0.05804053942784667
1761379806758757600,0.199757568359375,-0.13531097224354743,-0.02466214756965637,-0.058251990221440786
1761379806768840400,0.20984033203125,-0.030187048470973966,-0.04728884378895163,-0.06761676154658199
1761379806778923500,0.219923583984375,0.09209376180768013,-0.08514321201741695,-0.059162529195100066
1761379806789006600,0.230006591796875,0.19459376681745053,-0.13131751869320868,-0.04571282664388418
1761379806799089700,0.240089599609375,0.30801731690168377,-0.16919190679639576,-0.03369797920137644
1761379806809172700,0.2501728515625,0.4191612316161394,-0.15740356158614158,-0.024526830752193925
1761379806819255600,0.260255615234375,0.510681577450037,-0.12053601243793964,-0.054136809987574815
1761379806829338600,0.270338623046875,0.5112544089019299,-0.09148848939090967,-0.05750833224728703
1761379806839421400,0.28042138671875,0.4686006775677204,-0.1157622221648693,-0.012011632572114466
1761379806849504800,0.2905048828125,0.43659576601982114,-0.13642360966056585,0.0015878537133336066
1761379806859587600,0.300587646484375,0.4310732032060623,-0.13212649698853493,0.00373290291801095
1761379806869670700,0.310670654296875,0.44773909132480616,-0.111126379057765,0.02209726551771164
1761379806879753500,0.32075341796875,0.43617724834680555,-0.09120441175252199,-0.005408434914797544
1761379806889836500,0.33083642578125,0.4549959305852651,-0.05467530077844858,-0.027047289140522478
1761379806899919600,0.340919677734375,0.420139136737585,-0.06692395697683096,-0.057962944146990776
1761379806910002700,0.351002685546875,0.4023211559742689,-0.11775675698295235,-0.10501403365731239
1761379806920085800,0.361085693359375,0.3467161731302738,-0.10691621401682495,-0.1314478670746088
1761379806930168600,0.37116845703125,0.35983752050995826,-0.19761706016138195,-0.1259412324823439
1761379806940251600,0.381251708984375,0.3249707897901535,-0.31821342448443174,-0.14815686368271708
1761379806950334500,0.39133447265625,0.24763445213139057,-0.33205504896268245,-0.1908861444711685
1761379806960417500,0.40141748046875,0.19869769500494003,-0.29384514529481526,-0.22086846415027975
1761379806970500600,0.41150048828125,0.17853110528886318,-0.3182423583179712,-0.22529702118225395
1761379806980583700,0.421583740234375,0.16322481508553027,-0.4148683567278087,-0.1787284544918686
1761379806990666800,0.431666748046875,0.15096797558069228,-0.5301926258668304,-0.12511186898611484
1761379807000749600,0.44174951171875,0.08258534422814845,-0.5839052190929651,-0.1016319900035858
1761379807010832600,0.45183251953125,0.01542962432205677,-0.5711446678496896,-0.10760616904236375
1761379807020915500,0.46191552734375,-0.0673468585640192,-0.5285803683646023,-0.1381042562238872
1761379807030998800,0.471998779296875,-0.20437749420702456,-0.4375799547515809,-0.21847616218626498
1761379807041081600,0.48208154296875,-0.4472252965837717,-0.3902547244749963,-0.3013994331318885
1761379807051164700,0.49216455078125,-0.14324059619903565,-0.3140305858418345,-0.21469350184239447
1761379807061247500,0.50224755859375,0.0003723404437303543,-0.3770014212787151,-0.008465922789275646
1761379807071330600,0.51233056640625,-0.2422293782174587,-0.43696021541804075,0.09963803970739245
1761379807081413600,0.52241357421875,-0.37534722433090206,-0.40980698168501256,0.03797295310683548
1761379807091496700,0.53249658203125,-0.184307350602746,-0.3228860924705863,-0.04574555986970663
1761379807101579800,0.542579833984375,-0.21228665989637374,-0.21898644979596138,-0.10568959483131765
1761379807111662600,0.55266259765625,-0.06731704794764519,-0.2718522169344127,-0.018360709337890146
1761379807121745700,0.56274560546875,-0.20002923586964605,-0.3538230825260281,0.06107070090398192
1761379807131828500,0.572828369140625,-0.15212299083471298,-0.3888067176237702,0.08904065784737467
1761379807141911600,0.58291162109375,-0.1773573853343725,-0.3137682816438377,0.004368424342572689
1761379807151994600,0.59299462890625,-0.14447802903950213,-0.1709028023675084,-0.10955606100112199
1761379807162077700,0.60307763671875,-0.11018588333725929,-0.1410632521599531,-0.18292934024780988
1761379807172160500,0.613160400390625,-0.02941489505469799,-0.13207345162704587,-0.19660364533513783
1761379807182243600,0.62324365234375,0.20394260992109775,-0.27701646782979367,-0.16341566148251294
1761379807192326700,0.63332666015625,0.60674248932302,-0.4262653645329177,0.01363558051213622
1761379807202409500,0.643409423828125,0.3995750721365213,-0.47688773665875195,0.10281930009201168
1761379807212492800,0.653492919921875,0.3442962525069713,-0.3434994030408561,0.016616057627648114
1761379807222575600,0.66357568359375,0.543132479199767,-0.3032363662354648,0.018854776465147733
1761379807232658700,0.67365869140625,0.437412927621603,-0.36283860202208157,0.15176204856783151
1761379807242741500,0.683741455078125,0.3948971434533596,-0.4637744264550507,0.25844927613437174
1761379807252824600,0.693824462890625,0.4455541485011577,-0.5079346168294548,0.2944000026986003
1761379807262907400,0.703907470703125,0.4686649749755859,-0.5318552983820438,0.26284941078945995
1761379807272990700,0.71399072265625,0.4652794241905212,-0.5426008565410971,0.22499168156012891
1761379807283073500,0.724073486328125,0.4430734376013279,-0.5166686890356242,0.16804595163166522
1761379807293156600,0.734156494140625,0.5252513700723648,-0.5453671063840388,0.2219754024788737
1761379807303239700,0.74423974609375,0.6317442441105843,-0.6830825094208121,0.35445378164499997
1761379807313322500,0.754322509765625,0.6892237886548042,-0.7728076424010097,0.3583072422027588
1761379807323405600,0.764405517578125,0.7809428719311952,-0.8322466504499316,0.38565965176969763
1761379807333488600,0.774488525390625,0.5817904188960791,-0.8580972771517932,0.43419177361801264
1761379807343572000,0.784572021484375,0.47417935448288917,-0.8409877369187772,0.4549152665644884
1761379807353654800,0.79465478515625,0.41758009990453715,-0.8323252686440944,0.46631110532581804
1761379807363737900,0.80473779296875,0.3057119625687599,-0.8234104330435394,0.4842931906096637
1761379807373820700,0.814820556640625,0.24635259562730788,-0.8288840421490371,0.46351694456264375
1761379807383904000,0.824904052734375,0.1733499032586813,-0.8091708952888846,0.39825682914480565
1761379807393986800,0.83498681640625,0.16560381917655467,-0.8141017758198082,0.43782516168430446
1761379807404070000,0.84506982421875,0.1627268024355173,-0.8780585535541177,0.3962216700553894
1761379807414153000,0.855153076171875,0.11727087316215037,-0.8560388833172619,0.21526114566251633
1761379807424234800,0.86523486328125,0.06818447843194007,-0.8075231280818581,0.18305486632362006
1761379807434318800,0.87531884765625,0.10731178920567035,-0.8769802567981183,0.25213380937725305
1761379807444401000,0.88540087890625,0.188650932765007,-0.9315272550217807,0.3024224195040762
1761379807454484000,0.89548388671875,0.26817805846631526,-0.9581276771776378,0.30439576540365815
1761379807464567000,0.905567138671875,0.30164719734787937,-0.9365196564815937,0.253490630813688
1761379807474649900,0.91564990234375,0.34733284372389317,-0.9141479579366742,0.18538403992354868
1761379807484733000,0.92573291015625,0.41642391560673714,-0.9349620517760515,0.14343568037971854
1761379807494815700,0.935815673828125,0.4064887970477342,-0.9445423655480146,0.1065709077104926
1761379807504898800,0.94589892578125,0.4407762665748596,-0.9555122339822352,0.14207768989950417
1761379807514982000,0.95598193359375,0.4363806619644165,-0.9631807227835059,0.19106544656082985
1761379807525065000,0.96606494140625,0.4141238219708204,-0.9450012152314186,0.26738471613153814
1761379807535148000,0.97614794921875,0.38156127654016014,-0.8967971562936902,0.30976430669948457
1761379807545230800,0.98623095703125,0.3263718887597322,-0.8594380242362618,0.32082346085235475
1761379807555314000,0.99631396484375,0.2743219680488109,-0.837729904166609,0.29039602775424717
1761379807565396700,1.006396728515625,0.2733767961531877,-0.8204403311915696,0.24538915742263195
1761379807575480000,1.01647998046875,0.261509248226881,-0.8497586340039968,0.24363398431837557
1761379807585563000,1.02656298828125,0.186899705183506,-0.9629602119006216,0.2557736271843314
1761379807595646000,1.03664599609375,0.16450082637071609,-1.0217609220460058,0.2652567641921341
1761379807605728800,1.046728759765625,0.12896189547777176,-1.1292223488554358,0.2672562674462795
1761379807615811800,1.056811767578125,0.14443652798533438,-1.7124460154250263,0.39860783453956244
1761379807625895000,1.06689501953125,0.335717809253931,-1.500640855435282,0.48714989521503443
1761379807635978000,1.07697802734375,0.4373679194360971,-1.2608043637037276,0.4286077629406005
1761379807646061000,1.08706103515625,0.559436548268795,-1.189719633785635,0.36275918011032043
1761379807656144000,1.097143798828125,0.6674257983446121,-1.166000904545933,0.3420767498265952
1761379807666227000,1.10722705078125,0.7335282098054885,-1.0780512568056584,0.33302513610385354
1761379807676309800,1.117309814453125,0.7543272522062062,-1.032932450532168,0.3266119080606848
1761379807686392800,1.127392822265625,0.7469003170758486,-0.9381507648147642,0.3155656864546239
1761379807696476000,1.137475830078125,0.7958797443002462,-0.7641177015975117,0.2544553841926157
1761379807706559000,1.14755908203125,0.61194590318501,-0.9951621073253453,0.2062118700273335
1761379807716641800,1.157641845703125,0.5084083718210458,-1.2762551769442856,0.32264241990782316
1761379807726724900,1.167724853515625,0.5421417145967483,-1.3789280543029308,0.4164054301019758
1761379807736808000,1.177807861328125,0.7140174536496401,-1.4651820040412247,0.48164252997040746
1761379807746890800,1.187890869140625,0.866170255100727,-1.3011087554328142,0.4984278797503561
1761379807756974000,1.19797412109375,0.8586737618654966,-1.1804784888401627,0.5745917395636438
1761379807767057000,1.208056884765625,0.7086521272242069,-1.2851052767455577,0.6659754534058272
1761379807777140000,1.218139892578125,0.5729010099977254,-1.43169050719738,0.6719725749287754
1761379807787222800,1.228222900390625,0.5882493857771158,-1.4572856978334485,0.6877296045742929
1761379807797305900,1.238305908203125,0.5542255356222391,-1.4175972460456192,0.6781725255474448
1761379807807388700,1.248388671875,0.5242348865061998,-1.4379348084144294,0.7214315292984247
1761379807817472000,1.258471923828125,0.44525838042497634,-1.5003002253040671,0.7847542469128966
1761379807827554800,1.268554931640625,0.408594829416275,-1.5158679429225623,0.7678951012443751
1761379807837638000,1.278637939453125,0.4688473458051681,-1.516309695340693,0.7577773926600814
1761379807847721000,1.288720947265625,0.5629916104018687,-1.739609478291124,0.9689978846296667
1761379807857803800,1.2988037109375,0.3904956936240196,-2.011595550738275,1.260576107905805
1761379807867886800,1.308886962890625,-0.021496961537003517,-1.989150202435255,1.3886067138828337
1761379807877970000,1.318969970703125,-0.5709592282801866,-1.8053722825340925,1.179854803983867
1761379807888053000,1.329052978515625,-1.078650391742587,-1.4665911401867866,0.6617584932979196
1761379807898135800,1.3391357421875,-1.3996464326828717,-0.9912729909323156,0.05847016301676631
1761379807908219000,1.349218994140625,-1.4667512991845606,-0.5307752480603755,-0.40249972741156814
1761379807918301700,1.3593017578125,-1.3490712606996298,-0.13680091854035853,-0.5896269577406347
1761379807928384800,1.369384765625,-1.217371464690566,0.051770226986706254,-0.45905207410827276
1761379807938468000,1.379468017578125,-1.105907231980562,-0.01749532468020916,0.01623297659419477
1761379807948551000,1.389551025390625,-1.034198086553812,-0.2547144735202193,0.53626376247406
1761379807958634000,1.399634033203125,-1.0322872844964266,-0.465166026943922,0.8293476410727948
1761379807968716800,1.409716796875,-1.122582472449541,-0.6132818279638886,0.9537279809139668
1761379807978799900,1.4197998046875,-1.1811240932673215,-0.6568612958408891,0.8590245480645448
1761379807988882700,1.429882568359375,-1.271973407971859,-0.50727235352844,0.555654764707759
1761379807998966000,1.439966064453125,-1.3208312546432017,-0.25766762423738837,0.16850670101121068
1761379808009048800,1.450048828125,-1.4384253684103487,-0.02517243517935276,-0.1930998019326478
1761379808019132000,1.4601318359375,-1.5369412722200155,0.08730360492169857,-0.42712643834166225
1761379808029215000,1.470215087890625,-1.548452846315503,0.11742241046205162,-0.6292918094571679
1761379808039297800,1.4802978515625,-1.4539058461368084,0.19769582448601722,-0.8502240595586598
1761379808049380900,1.490380859375,-1.3124468726575373,0.36438773116022344,-1.0309868694223463
1761379808059464000,1.5004638671875,-1.1715355961889027,0.5298335832960903,-1.140592030262202
1761379808069547000,1.510547119140625,-0.9951993705958128,0.6665186203718185,-1.0903651602599769
1761379808079629800,1.5206298828125,-0.8656383401811122,0.7890414227128029,-0.950275137046352
1761379808089713000,1.530712890625,-0.7888385936170816,0.8299487487711011,-0.7415530377637595
1761379808099795700,1.540795654296875,-0.7206856793671846,0.7823691053420305,-0.5601752378068864
1761379808109878800,1.550878662109375,-0.7687585131406783,0.7160686870910227,-0.43189197224304077
1761379808119961900,1.5609619140625,-0.7865238869339227,0.6496640778131783,-0.355060296170786
1761379808130045000,1.571044921875,-0.7997416804254055,0.5658543063566088,-0.3608801614306867
1761379808140128000,1.5811279296875,-0.7840197951585054,0.4895762455791235,-0.4681973574638366
1761379808150210800,1.5912109375,-0.6682774467378855,0.44344943130686876,-0.7033223105035722
1761379808160294000,1.6012939453125,-0.48304304441809653,0.41147988333329555,-0.8875361376039683
1761379808170376700,1.611376708984375,-0.16721300793886185,0.3378403543658554,-0.9539799098484217
1761379808180460000,1.6214599609375,0.17998305766284464,0.28359979174286126,-0.915895970647782
1761379808190542800,1.63154296875,0.665398676431179,0.24326442035362122,-0.7890783206570893
1761379808200626000,1.6416259765625,1.0888339321047067,0.12665800244957207,-0.6473764783326535
1761379808210708700,1.651708740234375,1.4878642298400402,-0.122388216175884,-0.45250586733520026
1761379808220791800,1.661791748046875,1.8020272098898886,-0.3811525496087968,-0.2362790915109217
1761379808230875000,1.671875,1.9722820697426795,-0.5125334889270365,-0.0919686741232872
1761379808240958000,1.6819580078125,2.131554347810149,-0.6033442251868546,-0.015840104819089172
1761379808251041000,1.692041015625,2.2657108893215656,-0.7415418587826192,0.04921411276310682
1761379808261123800,1.702123779296875,2.267466208556294,-0.9118729987420141,0.06949994494467973
1761379808271207000,1.71220703125,2.1486779165685177,-0.9121494775958359,-0.0041645723335444924
1761379808281289700,1.722289794921875,2.0480466280400753,-0.8383116495773195,-0.10399302004650235
1761379808291372800,1.732372802734375,1.9104799858242272,-0.8259696160070598,-0.12665581049248575
1761379808301456000,1.742455810546875,1.8638024058014153,-0.8119345147833228,-0.12002791678532958
1761379808311539000,1.7525390625,1.8455232372671364,-0.7762339635878801,-0.05490867114290595
1761379808321622000,1.7626220703125,1.8079805653363465,-0.7480093012310564,-0.006728285341709852
1761379808331704800,1.772704833984375,1.7784364909440278,-0.7312045891635119,0.02063113848790526
1761379808341788400,1.782788330078125,1.5994325074464082,-0.6147323190331458,-0.03584799684211611
1761379808351871200,1.792871337890625,1.3994588011562823,-0.4803805472105741,-0.11228197883367538
1761379808361954600,1.80295458984375,1.2069529465287923,-0.4287758860491216,-0.14141250398904084
1761379808372037400,1.813037353515625,1.0347405228674411,-0.42175943141579625,-0.1779182340875268
1761379808382120400,1.823120361328125,0.9752841252923011,-0.3822156487956643,-0.2651490660339594
1761379808392203300,1.833203369140625,0.936564810797572,-0.35618659678697584,-0.37173122579082846
1761379808402286300,1.843286376953125,0.8908429240643978,-0.38708354709297416,-0.47221550706401466
1761379808412369200,1.853369140625,0.8607803787559271,-0.41932986618131396,-0.5165646441392601
1761379808422452500,1.863452392578125,0.7996668616235256,-0.5461217241436243,-0.4610520157538354
1761379808432535300,1.873535400390625,0.6970178035318851,-0.7277034491747617,-0.47153877684623
1761379808442618400,1.883618408203125,0.6503115819364785,-0.8133788683727383,-0.5805300435714423
1761379808452701400,1.893701416015625,0.6733534348279238,-0.8016890151008963,-0.64189315155074
1761379808462784300,1.9037841796875,0.7152829435408115,-0.8173895653188228,-0.6133247903227805
1761379808472867300,1.913867431640625,0.6725953099370002,-0.9087395230218768,-0.5730005248494446
1761379808482950400,1.923950439453125,0.6069751290351152,-0.9949404273986816,-0.5529581460349261
1761379808493033500,1.934033447265625,0.48662791716754433,-1.0877616266980767,-0.48794791372492907
1761379808503116300,1.9441162109375,0.2737099736303091,-1.338684306719899,-0.37006095449104903
1761379808513199400,1.954199462890625,-0.07260521748363971,-1.3467609379306436,-0.2988393003202975
1761379808523282200,1.9642822265625,-0.28799042791724205,-1.307602355235815,-0.3006589169628918
1761379808533365200,1.974365234375,-0.5434738399833441,-1.2877338716834783,-0.3484586328834295
1761379808543448600,1.984448486328125,-0.8307236786663532,-1.2181389419317246,-0.39441900454759593
1761379808553531400,1.994531494140625,-1.0984411338835953,-1.1529530607938765,-0.46789603642970323
1761379808563614500,2.004614501953125,-1.258815820235014,-1.1858031909942626,-0.3765713592983782
1761379808573697300,2.014697265625,-1.2256044555068015,-1.449245745371282,-0.012714227883517741
1761379808583780400,2.0247802734375,-1.5313316156446932,-1.7982400925666093,0.4304467418707907
1761379808593863200,2.03486328125,-1.9371458744317291,-2.0674264512926337,0.7310131582446396
1761379808603946500,2.044946533203125,-2.5635610324740408,-2.005678435648978,0.7027848426260054
1761379808614029300,2.055029296875,-3.1317279996871945,-1.7964973405525086,0.4153504411563277
1761379808624112400,2.0651123046875,-3.5963626962333914,-1.4708809463351964,-0.05376709989234805
1761379808634195200,2.0751953125,-3.99609266667068,-0.8665902340784668,-0.6012726796098053
1761379808644278300,2.0852783203125,-4.208243132966756,-0.04807166472971439,-1.005746337442845
1761379808654361300,2.095361328125,-3.971909242528677,0.7138450196921825,-1.146190873182565
1761379808664444400,2.1054443359375,-3.495166759559512,1.2589508447915314,-1.1580861858986318
1761379808674527500,2.115527587890625,-2.9933447803914546,1.5273551132291554,-0.9736123926877975
1761379808684610300,2.1256103515625,-2.365765254744887,1.4370967501550913,-0.591231031936407
1761379808694693400,2.135693359375,-1.6726526419579981,1.177288752888143,-0.3119754068776965
1761379808704776200,2.145776123046875,-1.0830454118311406,0.9810232534661889,-0.24463746227249503
1761379808714859300,2.155859375,-0.5086982946783304,0.9361182360738516,-0.32986513770297166
1761379808724942300,2.1659423828125,-0.019672084197402,0.980485785588622,-0.4702538516022265
1761379808735025400,2.176025390625,0.28979776960015297,1.0735217966824768,-0.5832056925214827
1761379808745108500,2.1861083984375,0.4224596886396408,1.1412483022138475,-0.6969637352570891
1761379808755191300,2.19619140625,0.4540566039085388,1.235736265681684,-0.8666504398331045
1761379808765274400,2.2062744140625,0.3528168280929327,1.3474351839303969,-1.0017556603714823
1761379808775357200,2.216357177734375,0.16316051767766473,1.5015110623985528,-1.1780180900759993
1761379808785440500,2.2264404296875,0.02761106050312519,1.7175909770980475,-1.3947531076833606
1761379808795523300,2.2365234375,-0.03580664191842079,1.9298536715969443,-1.5649047994226217
1761379808805606400,2.2466064453125,-0.08068973973989486,2.0675945013359187,-1.6170834610797464
1761379808815689200,2.256689208984375,-0.1654056662559509,2.1030340635076166,-1.6147617401339114
1761379808825772300,2.266772216796875,-0.2536363228946924,2.0658032340049743,-1.6565454106353221
1761379808835855400,2.27685546875,-0.3438058386415243,2.038667682059109,-1.801510930930823
1761379808845938400,2.2869384765625,-0.39733635329902167,2.022443984749913,-1.9888474200963973
1761379808856021500,2.297021484375,-0.4558528396755457,1.958959062311053,-2.1322288860708474
1761379808866104300,2.307104248046875,-0.4347510149359703,1.9210332362815736,-2.1859308117724954
1761379808876187400,2.3171875,-0.31381402048170565,1.9351149531260132,-2.2059283285319804
1761379808886270200,2.327270263671875,-0.14676117154061794,1.9265911626696586,-2.173323843655735
1761379808896353300,2.337353271484375,-0.010385784935951232,1.838243309392035,-2.083894771012664
1761379808906436400,2.347436279296875,0.11107318756580352,1.7640300721898674,-1.9948855312168596
1761379808916519400,2.35751953125,0.17060732655227184,1.7037059518694877,-1.9013836561769246
1761379808926602200,2.367602294921875,0.2229939318716526,1.642232953774929,-1.8369817650236189
1761379808936685300,2.377685302734375,0.3141121266454458,1.5904761707916855,-1.8166763513587414
1761379808946768400,2.387768310546875,0.41558220408558844,1.5456263907179235,-1.7959829612895846
1761379808956851200,2.397851318359375,0.5438567018210888,1.4536854813843965,-1.747620058528334
1761379808966934500,2.4079345703125,0.6695476128041744,1.3553174616128205,-1.698575457113236
1761379808977017300,2.418017333984375,0.7843529726356268,1.30125210942626,-1.685672574789822
1761379808987100400,2.428100341796875,0.91620299077034,1.212718378187716,-1.6675544420361519
1761379808997183200,2.438183349609375,0.9802233352601527,1.0410741098031402,-1.6165215894132852
1761379809007266300,2.448266357421875,1.0468529854655264,0.8956681522637605,-1.5620065937630832
1761379809017349000,2.45834912109375,1.0913415310114623,0.7708139843657612,-1.5021673343501984
1761379809027432400,2.468432373046875,1.0078338112413883,0.6858838305771351,-1.4651976400017737
1761379809037515500,2.478515625,0.902530439248681,0.6326151817262172,-1.3921741971060633
1761379809047598300,2.488598388671875,0.7596347109645605,0.569350916300714,-1.3149614858269691
1761379809057681400,2.498681396484375,0.6111743342906236,0.5012359959736467,-1.2450066367216408
1761379809067764200,2.50876416015625,0.43081659809648987,0.42800446328520775,-1.2162282860048115
1761379809077847300,2.518847412109375,0.19142916530668735,0.3769169578656554,-1.210837240616232
1761379809087930400,2.528930419921875,0.008736848685145378,0.35532442699968814,-1.2188834766887127
1761379809098013400,2.539013427734375,-0.12082944242656231,0.351046311289072,-1.226089754805714
1761379809108096300,2.54909619140625,-0.22625731758177278,0.33019086252599955,-1.201170271474123
1761379809118179300,2.559179443359375,-0.2737070510208607,0.3006839052736759,-1.1113862479135392
1761379809128262400,2.569262451171875,-0.27245266704559323,0.24365824197679756,-0.997661522925645
1761379809138345200,2.57934521484375,-0.2992705313444137,0.2029047913059592,-0.8778541170231997
1761379809148428500,2.589428466796875,-0.3043991264045238,0.20903262653648852,-0.8128954687699675
1761379809158511400,2.599511474609375,-0.2195201182812452,0.2546495915904641,-0.8218309087671339
1761379809168594400,2.609594482421875,-0.14053367532789707,0.26309944002777336,-0.7783201222121715
1761379809178677200,2.61967724609375,-0.07186229016184806,0.17359803280085323,-0.6772089412122965
1761379809188760300,2.62976025390625,-0.045885552862286565,0.07127513792365789,-0.6314860315658152
1761379809198843100,2.639843017578125,0.003929740664362907,0.04327566262483597,-0.6388758495561778
1761379809208926500,2.649926513671875,0.08708616277873515,0.07042641213983297,-0.7067403022535145
1761379809219009300,2.66000927734375,0.175924137660861,0.11833704108893871,-0.8128918155081569
1761379809229092400,2.67009228515625,0.22106150250434875,0.20755466293841598,-0.9123051065489649
1761379809239175400,2.680175537109375,0.24501930119693277,0.30723142722100016,-0.9436543306671082
1761379809249258200,2.69025830078125,0.3061830872118473,0.4057452852040529,-0.9866521992638707
1761379809259341300,2.70034130859375,0.2968108632326126,0.48870267761498687,-1.0120375465415417
1761379809269424400,2.71042431640625,0.2716916195452213,0.5379352028176189,-1.0001913336642085
1761379809279507500,2.720507568359375,0.32471652276813984,0.4268146689787507,-0.8041407921671867
1761379809289590300,2.73059033203125,0.25256430974900723,0.13468641060441733,-0.3670053663127124
1761379809299673300,2.74067333984375,-0.2844061396896839,-0.09710165309756993,0.08465031393393874
1761379809309756200,2.750756103515625,-0.9992974535644054,-0.25521950043290853,0.28231486649885773
1761379809319839200,2.760839111328125,-1.781516921302676,-0.1377446291312575,-0.002866933738440275
1761379809329922600,2.770922607421875,-2.648433026334643,0.353789764778316,-0.7129869415581226
1761379809340008200,2.78100830078125,-3.3633979899674653,0.9060542294606566,-1.5073440063357353
1761379809350091500,2.791091552734375,-3.9853170056343075,1.2154030872270465,-2.129824016886204
1761379809360174300,2.80117431640625,-4.2745512961328025,1.4158479181602597,-2.620040460065007
1761379809370257400,2.81125732421875,-4.364404585537314,1.6446730404034255,-3.1329443897396323
1761379809380340200,2.82134033203125,-4.206489567297697,1.9792802580669522,-3.5143358626708388
1761379809390423300,2.83142333984375,-3.381897523254156,2.1540020342007278,-3.7195401630908247
1761379809400506400,2.84150634765625,-2.477797058209777,2.135799438033998,-3.524124558496475
1761379809410589400,2.85158935546875,-1.632657900699973,2.103685805414617,-2.960374823203683
1761379809420672500,2.861672607421875,-0.7140086858212947,1.9970079301983117,-2.547312492984533
1761379809430755300,2.87175537109375,0.17935586567521095,1.8254712138414382,-2.2135040244832633
1761379809440838400,2.88183837890625,0.8284948967009782,1.6607529453277587,-1.8667812754817306
1761379809450921200,2.891921142578125,1.1935989594370127,1.500617620690167,-1.6188536856226623
1761379809461004300,2.90200439453125,1.3461170870691537,1.4000661193996666,-1.5461906004719435
1761379809471087400,2.91208740234375,1.3396627963632344,1.4774460039392112,-1.6037163222454487
1761379809481170400,2.92217041015625,1.1732207727968693,1.541220264713466,-1.7167998267203568
1761379809491253500,2.93225341796875,0.9447913718730211,1.54421535487622,-1.8512103429928422
1761379809501336300,2.94233642578125,0.7607254288107156,1.618556602372229,-1.9494968219608066
1761379809511419400,2.95241943359375,0.6132324358642101,1.7325111905932424,-1.9052787639193236
1761379809521502200,2.962502197265625,0.5153028075098991,1.7631848535373806,-1.7291405451163648
1761379809531585500,2.97258544921875,0.43749709877371784,1.6803619011610746,-1.4969355711765586
1761379809541668400,2.98266845703125,0.3619131577402353,1.5669965110048651,-1.2557369973115622
1761379809551751400,2.99275146484375,0.24315993706583974,1.4358748071447014,-1.0615015424124896
1761379809561834200,3.002834228515625,0.055872693869471544,1.2924129694104194,-0.9328511971019208
1761379809571917300,3.012917236328125,-0.1541647257953882,1.1129001596078276,-0.9075671182416379
1761379809582000000,3.023000244140625,-0.3889145619124174,0.9064932053998113,-0.9645765610560775
1761379809592083500,3.03308349609375,-0.5848538981199264,0.7343892105489969,-1.0603946040838956
1761379809602166500,3.04316650390625,-0.7045984679192304,0.5467430709123611,-1.1444308777727186
1761379809612249300,3.053249267578125,-0.7913830174028873,0.32275340600162744,-1.1785330538608134
1761379809622332400,3.06333251953125,-0.8257447212100029,0.11985650574117898,-1.1961445522665977
1761379809632415200,3.073415283203125,-0.8558014212995767,-0.07867021661102772,-1.2228503344930708
1761379809642498300,3.083498291015625,-0.8563368433505296,-0.2310343227252364,-1.2068620533749461
1761379809652581400,3.093581298828125,-0.8950772006332873,-0.3657942369572818,-1.1635697318762541
1761379809662664400,3.10366455078125,-0.9463497072309255,-0.4439458365216851,-1.106318881521374
1761379809672747300,3.113747314453125,-0.8288023552149534,-0.4259457771897316,-1.0314672002851963
1761379809682830300,3.123830322265625,-0.7074310609966517,-0.4065533867165446,-0.956226811992377
1761379809692913400,3.133913330078125,-0.6256874282896518,-0.3943870019741356,-0.8776007267840206
1761379809702996200,3.143996337890625,-0.5980114858567714,-0.3330510742627084,-0.8624313608333468
1761379809713079600,3.15407958984375,-0.4612286874949932,-0.26208324872255323,-0.8681682970501482
1761379809723162400,3.164162353515625,-0.27062194448709487,-0.24448124879747626,-0.8406284020870923
1761379809733245400,3.174245361328125,0.014422493106126784,-0.29547669201940296,-0.7083397002741694
1761379809743328300,3.184328369140625,0.3191577195972204,-0.42737084155678745,-0.5547375767976045
1761379809753411300,3.194411376953125,0.535743537992239,-0.5223655855029821,-0.45688495920225974
1761379809763494100,3.204494140625,0.7087871517807245,-0.6039554889529943,-0.41477439483404155
1761379809773577500,3.214577392578125,0.8237561777412891,-0.6607637101069093,-0.43124183777123687
1761379809783660300,3.224660400390625,0.8729150531858205,-0.6293453662753105,-0.500359651530534
1761379809793743400,3.234743408203125,0.9129927965521812,-0.5528621383145451,-0.5263644458808004
1761379809803826400,3.244826416015625,0.9415992978334426,-0.4761205516785383,-0.4737592293746769
1761379809813909200,3.2549091796875,0.9805553436934947,-0.49166971072703597,-0.4219448709852993
1761379809823992300,3.264992431640625,1.0580056631207466,-0.4637488536223769,-0.4112723780624568
1761379809834075400,3.275075439453125,1.1156605642318724,-0.39188539441674947,-0.3907293562494218
1761379809844158500,3.285158447265625,1.0928998663693665,-0.36596798608899117,-0.3613393033750355
1761379809854241300,3.2952412109375,1.0503688846319914,-0.37452743238061664,-0.2962013530321419
1761379809864324400,3.305324462890625,0.9961866280674934,-0.4017866107061505,-0.23671689840629695
1761379809874407200,3.3154072265625,0.9438111286640166,-0.4245855947524309,-0.18904869991093873
1761379809884490200,3.325490234375,0.8739747913718223,-0.4431453337937593,-0.20868249792456625
1761379809894573600,3.335573486328125,0.7642249613642692,-0.4550985141769051,-0.2547209032610059
1761379809904656400,3.345656494140625,0.5861264022737741,-0.4429413356542587,-0.28225159200429917
1761379809914739500,3.355739501953125,0.4281798198521137,-0.4296051764801144,-0.31644802224710583
1761379809924822300,3.365822265625,0.28673896655142306,-0.4461678964853287,-0.3785053961008787
1761379809934905300,3.3759052734375,0.15613690265119076,-0.49039428396373985,-0.43875966605544087
1761379809944988200,3.38598828125,-0.01717676025032997,-0.5228925319865345,-0.4790975216627121
1761379809955071500,3.396071533203125,-0.19905717596709727,-0.5850535123452544,-0.46606136834844947
1761379809965154300,3.406154296875,-0.3746270933628082,-0.6619295390158891,-0.43883989168480037
1761379809975237400,3.4162373046875,-0.4280792820870876,-0.8207491048797965,-0.32559374399408697
1761379809985320400,3.426320556640625,-0.2835106521546841,-1.1689219065591692,0.02268354097306728
1761379809995403300,3.4364033203125,-0.5413029256850481,-1.46297558003813,0.5141116980291903
1761379810005486300,3.446486328125,-0.9533382509440184,-1.5719064948782324,0.67237202257514
1761379810015569400,3.4565693359375,-1.6213380497843026,-1.272458268879354,0.26214813065230846
1761379810025652500,3.466652587890625,-2.1334429380357265,-0.7526888373494148,-0.32877120498642326
1761379810035735300,3.4767353515625,-2.555693952360749,-0.32754064027816054,-0.9034513534858822
1761379810045818400,3.486818359375,-2.825650126415491,0.14118775532245637,-1.3279158060766756
1761379810055901200,3.496901123046875,-2.839861607119441,0.6535917726509273,-1.4623701614908873
1761379810065984300,3.506984375,-2.472913962343335,0.9104542179852724,-1.298628190663457
1761379810076067300,3.5170673828125,-1.8745780668377876,0.8228386245049536,-0.8782363943390548
1761379810086150400,3.527150390625,-1.2948667923033237,0.4601883846618235,-0.28246026631891724
1761379810096233500,3.5372333984375,-0.9613158056944608,-0.07003449021279812,0.3643582128047943
1761379810106316300,3.54731640625,-0.8604173906624316,-0.5633987298980355,0.7933793057866394
1761379810116399400,3.5573994140625,-0.9856769244909286,-0.8680253814481198,0.8481209497995674
1761379810126482200,3.567482177734375,-1.0032330394476652,-1.0315025638595223,0.7182211889497936
1761379810136565500,3.5775654296875,-1.1562415809452533,-0.879660874184221,0.2841366750985384
1761379810146648300,3.5876484375,-0.9253355607748031,-0.4171685964941978,-0.3736547411993146
1761379810156731400,3.5977314453125,-0.3429629580765962,0.2052817495703697,-0.8676616627022623
1761379810166814200,3.607814208984375,0.2479424951672554,0.7501204481661319,-0.7907546563714742
1761379810176897300,3.617897216796875,0.5368763414144516,0.8611958276890218,-0.18735358643084762
1761379810186980400,3.62798046875,0.7213105332672596,0.7204670681804418,0.5956156767614186
1761379810197063400,3.6380634765625,0.9555284544646739,0.6673714378088712,1.1029590496994555
1761379810207146500,3.648146484375,1.0553010803371667,0.7196078210026026,1.2488633121497927
1761379810217229300,3.658229248046875,1.0082552515238523,0.8844844949483871,1.1189314025960861
1761379810227312400,3.6683125,0.8408248014420271,1.1275384874217211,0.8717581382356584
1761379810237395200,3.678395263671875,0.6096060620605945,1.2378187710441648,0.738019237614423
1761379810247478300,3.688478271484375,0.35785891391336916,1.207953355742991,0.6752853527385742
1761379810257561300,3.698561279296875,0.28491818086504933,1.1954787818342447,0.5585061355508864
1761379810267644400,3.70864453125,0.4095446774870157,1.1911679328978062,0.39584136550091203
1761379810277727500,3.7187275390625,0.6925210766345262,1.1592810947716234,0.31212358317673206
1761379810287810300,3.728810302734375,0.8546189335167408,1.0239973027959466,0.36455687718205154
1761379810297893400,3.738893310546875,0.8833084369063376,0.7374610192097723,0.5273560872666537
1761379810307976200,3.74897607421875,0.9785638776153326,0.5532172353625298,0.5935664160814136
1761379810318059500,3.7590595703125,1.280701488828659,0.5557293643139303,0.48427543575726445
1761379810328142300,3.769142333984375,1.5422914010763167,0.5061437878899276,0.4909831897675991
1761379810338225400,3.779225341796875,1.6404238585263489,0.23551848240196704,0.6575687865231186
1761379810348309000,3.78930908203125,1.691213550043106,-0.04990750185474753,0.8383851532049477
1761379810358392000,3.79939208984375,1.6617033779203891,-0.2837916610531509,0.9545484304513782
1761379810368475000,3.809474853515625,1.5137421829402447,-0.494746926215291,0.9631013008717447
1761379810378558000,3.819557861328125,1.337524615290761,-0.6348571154341102,0.8913549652397632
1761379810388640800,3.829640869140625,1.1643149972856044,-0.7112174476675689,0.7751653845082968
1761379810398724000,3.83972412109375,0.9422223981678486,-0.7525491366177797,0.7017697472993284
1761379810408807000,3.849806884765625,0.7275690091401338,-0.8022149386711418,0.7204783202268182
1761379810418890000,3.859889892578125,0.4812035540312528,-0.8028224030449986,0.7009457906305789
1761379810428973000,3.86997314453125,0.3724316291451454,-0.8588592014349996,0.7014965563811362
1761379810439056000,3.880055908203125,0.19313129304945467,-0.8977358984485269,0.6511603077203035
1761379810449139000,3.890138916015625,0.046021161940693854,-0.8623254162408411,0.578773482227698
1761379810459222000,3.900221923828125,0.16224106474518776,-0.8745867857903241,0.5416191520273685
1761379810469305000,3.91030517578125,0.23264321922659872,-0.9205098941840231,0.5564408735841513
1761379810479388000,3.920387939453125,0.3067307842224836,-0.9884906667374074,0.6365467490214854
1761379810489471000,3.930470947265625,0.338104996651411,-1.1167477749466896,0.729527888122946
1761379810499553800,3.9405537109375,0.28625147529542444,-1.27955261105448,0.7594624231375754
1761379810509636900,3.950636962890625,0.3278583279252052,-1.3668999089874327,0.7086090918000787
1761379810519720200,3.96072021484375,0.39365094278454776,-1.34970970473364,0.6344072527747601
1761379810529803000,3.970802978515625,0.5268459457874298,-1.4351301262572407,0.629626959695667
1761379810539886000,3.980885986328125,0.5481418317943811,-1.561925052959472,0.7073716589596122
1761379810549969000,3.990968994140625,0.572974659755826,-1.6759421850226819,0.7966815622024238
1761379810560052000,4.001052001953125,0.4537818786203861,-1.7623893192455171,0.8047820126801729
1761379810570134800,4.011134765625,0.34141923576593397,-1.7338142360158264,0.7647404366057365
1761379810580218000,4.021218017578125,0.30405075135827064,-1.5293847193606196,0.7158676846262068
1761379810590301000,4.031301025390625,0.15373101055324076,-1.486706291976571,0.7054085421930998
1761379810600384000,4.041384033203125,-0.08481763332486152,-1.521771321747452,0.7437963597111403
1761379810610467000,4.051467041015625,-0.3762392047345638,-1.4760137791790067,0.7349938253786414
1761379810620550000,4.0615498046875,-0.7234644964307546,-1.367959501042962,0.6176012985982
1761379810630633000,4.071633056640625,-1.0160165331751108,-1.2422083843052387,0.46686859307810663
1761379810640716000,4.081716064453125,-1.2653531130492686,-1.1124661521047352,0.3479601087767631
1761379810650799000,4.091799072265625,-1.5222615894824265,-0.9500810027137399,0.2137277255501598
1761379810660882000,4.1018818359375,-1.6597534128963947,-0.8125415407657622,0.10395305336229503
1761379810670965000,4.111965087890625,-1.5006009618163108,-1.0163844897046685,0.305595204321295
1761379810681047800,4.1220478515625,-1.6755705752313137,-1.2186632580667733,0.699289913182333
1761379810691131000,4.132130859375,-1.9499054027616975,-1.0612769398763775,1.0021885718960315
1761379810701214000,4.1422138671875,-2.060298206847906,-0.7569371424436568,0.8497432903043926
1761379810711297000,4.152297119140625,-2.14205236094892,-0.3693953301891684,0.373598042576015
1761379810721380000,4.162380126953125,-2.1391496252447366,-0.04371288499832153,-0.16225936758685855
1761379810731463000,4.172462890625,-2.179028631168604,0.2858618914559483,-0.5473321959119289
1761379810741546000,4.1825458984375,-1.9667787961512804,0.7169184357881545,-0.812465552920103
1761379810751628800,4.19262890625,-1.6628180611640213,1.0815116263926028,-0.9325945919923484
1761379810761712000,4.202712158203125,-1.2983815224260091,1.0932475107632578,-0.8151783920753747
1761379810771795000,4.212794921875,-0.8093781082987784,1.0306151135005057,-0.6124159318495541
1761379810781878000,4.2228779296875,-0.25334581551551816,1.0684484389409423,-0.4405225840747356
1761379810791960800,4.2329609375,0.35307694033384324,1.216524784733355,-0.3282195624530315
1761379810802044000,4.2430439453125,0.6918558907240628,1.4185618532940745,-0.3022731472264975
1761379810812127000,4.253126953125,0.9510194526076317,1.4177528749987482,-0.37436690805666145
1761379810822210000,4.2632099609375,1.089452356263995,1.2650249040082095,-0.44812231848873196
1761379810832293000,4.273293212890625,1.1556026985198258,1.1637164468705654,-0.5753862509422004
1761379810842376000,4.2833759765625,1.212597089895606,1.1645368233427404,-0.7934548552408814
1761379810852459000,4.293458984375,1.2125608495384455,1.147099658590555,-1.0329485248841346
1761379810862541800,4.303541748046875,1.1783096203684806,1.09258568585366,-1.3128703587666153
1761379810872625000,4.313625,1.0459136587888003,1.0867916126221417,-1.5476169800132513
1761379810882708000,4.3237080078125,0.8666758665353059,1.1689011560320854,-1.657630137132108
1761379810892791000,4.333791015625,0.6331406669050454,1.2629098115503787,-1.6566472635746001
1761379810902874000,4.3438740234375,0.44495852069556713,1.2325471142515538,-1.5695307056576013
1761379810912957000,4.35395703125,0.290737680798769,1.0834744508981704,-1.3529296896934508
1761379810923040000,4.3640400390625,0.19111995322704314,0.9279182707443833,-1.0820949792385102
1761379810933122800,4.374122802734375,0.1738286266863346,0.8693637904450296,-0.8755310078378766
1761379810943206100,4.3842060546875,0.24317747272253035,0.8733303559884429,-0.6764988201815635
1761379810953289000,4.3942890625,0.3657926295220852,0.7757122778013348,-0.40685755729489026
1761379810963372000,4.4043720703125,0.5194277784854173,0.5006788004823028,-0.12712408559136093
1761379810973454800,4.414454833984375,0.7154822655051947,0.17799772906452416,0.06191760005690157
1761379810983538000,4.424537841796875,0.7948521548181772,-0.053218818359822034,0.14292042433395982
1761379810993621000,4.43462109375,0.9205991799026727,-0.1979819479510188,0.1318625122901052
1761379811003704000,4.4447041015625,1.0986959854274987,-0.27540274902284145,0.03356266238391399
1761379811013787100,4.454787109375,1.1867559616744519,-0.4643158398553729,-0.06504537668861449
1761379811023870000,4.464869873046875,1.3026082002103327,-0.529844543081522,-0.12427044972591102
1761379811033953000,4.474953125,1.5001614013552664,-0.5586202634498477,-0.20243067098818718
1761379811044035800,4.485035888671875,1.5537258182823657,-0.6989122389763593,-0.28038097582682964
1761379811054119000,4.495118896484375,1.5067740974932908,-0.7202779753491282,-0.3220439425580203
1761379811064202000,4.505201904296875,1.3952566732913254,-0.6822066033691168,-0.3461911263428628
1761379811074285000,4.51528515625,1.2295189986020325,-0.6765688897430896,-0.38263065933734175
1761379811084368000,4.525367919921875,1.0541121628135441,-0.6356269307628274,-0.378992083639279
1761379811094451000,4.535450927734375,0.8535936821222305,-0.5580179136425256,-0.32336598494201896
1761379811104534000,4.545533935546875,0.7183978606909514,-0.5084907894074917,-0.256489520368725
1761379811114616800,4.555616943359375,0.5732482160001993,-0.4749418632879853,-0.1959694390848279
1761379811124700200,4.5657001953125,0.4091624001711607,-0.4623670438751578,-0.14234408575072885
1761379811134783000,4.575782958984375,0.2956307135373354,-0.4777817628890276,-0.16598215096965432
1761379811144866000,4.585865966796875,0.19086627072691917,-0.43788989748358725,-0.2719077465139329
1761379811154948900,4.595948974609375,0.15100772306919097,-0.3866869489908218,-0.37599385167136784
1761379811165032000,4.606031982421875,0.1666962905883789,-0.3705503454431891,-0.5063350726783276
1761379811175114800,4.61611474609375,0.23170623063743112,-0.3926175080835819,-0.5693864260055125
1761379811185198000,4.626197998046875,0.3026169191628694,-0.4667854448392987,-0.5468640669435262
1761379811195281200,4.63628125,0.34057752424478527,-0.5567261202663183,-0.4796760522030294
1761379811205364000,4.646364013671875,0.399888960391283,-0.6590104366987943,-0.41892143151089545
1761379811215447000,4.656447021484375,0.42942309791147704,-0.7524240489333868,-0.3970717110134661
1761379811225529900,4.66652978515625,0.3677729896843433,-0.8083949424803256,-0.39368236083611846
1761379811235613000,4.676613037109375,0.2931903346478939,-0.849922300133109,-0.3502582296513021
1761379811245696000,4.686696044921875,0.20612346109151838,-0.9047109981581568,-0.2834982310645282
1761379811255779000,4.696779052734375,0.06108078390657901,-0.9506740001708268,-0.19487667541205883
1761379811265862000,4.70686181640625,-0.09568740238547324,-0.9903598216101527,-0.07210676644220948
1761379811275945000,4.716945068359375,-0.265617852589488,-1.0018164506480096,0.03461611695960164
1761379811286028000,4.727028076171875,-0.408419472849369,-0.987384605191648,0.10451748231202364
1761379811296110800,4.73711083984375,-0.5883212819695472,-0.9786714296430349,0.15251359758749602
1761379811306194200,4.747194091796875,-0.7435691268265247,-0.9629679568156599,0.21445552836805581
1761379811316277000,4.757277099609375,-0.8235966032654046,-0.9515417229160666,0.2895084312647581
1761379811326360000,4.767360107421875,-0.6631342386305332,-1.1620137346059083,0.5705588307857513
1761379811336443000,4.77744287109375,-0.6607271774888038,-1.5240750686451792,1.0965458216562867
1761379811346521600,4.787521484375,-0.964540028437972,-1.5521932018876075,1.5109424692191182
1761379811356605000,4.79760498046875,-1.2296867563843727,-1.3788780776813625,1.3831808894418178
1761379811366687700,4.807687744140625,-1.7368746464997529,-0.9215060656145214,0.803296304167062
1761379811376770800,4.817770751953125,-2.1102906105071306,-0.48129357040226456,0.1699941630899906
1761379811386853600,4.827853515625,-2.5950351981461046,-0.30079233408421274,-0.385633786676079
1761379811396936700,4.837936767578125,-2.9230431636750698,0.17603782716840505,-0.8314113686695694
1761379811407019500,4.84801953125,-2.898352959054708,0.8750444664299487,-1.142612868565321
1761379811417102800,4.858102783203125,-2.596283736902475,1.1827344510734081,-1.2787841109000146
1761379811427185700,4.868185546875,-1.9047849890530109,1.3085425586953758,-1.1485124479979276
1761379811437268700,4.878268798828125,-1.4523159465968607,1.5923963251993059,-1.0710134671233593
1761379811447351800,4.888351806640625,-1.0561831238687038,1.741294508768618,-0.7763987987607717
1761379811457434600,4.8984345703125,-0.5965443359136581,1.5625103055015206,-0.38602205534130335
1761379811467517700,4.908517578125,-0.24790742385387418,1.1860662258446215,-0.11413140609264373
1761379811477600800,4.918600830078125,0.1772492487847805,0.9655188103422522,-0.0360544791996479
1761379811487683800,4.928683837890625,0.4868558807045221,1.0831491644665598,-0.03755304719433188
1761379811497766700,4.9387666015625,0.6760276224732399,1.1961600420966745,0.027226883491128683
1761379811507849700,4.948849609375,0.6745008512973785,1.1497364368349312,0.15477160564735531
1761379811517932500,4.9589326171875,0.5145487742722035,1.0503773601993918,0.25084873800277707
1761379811528015600,4.969015625,0.3200689892232418,0.991366368304193,0.19592589220404624
1761379811538098700,4.9790986328125,0.16070611026287077,1.0851856387302279,-0.16758622516542673
1761379811548181800,4.989181640625,-0.006605097353458404,1.2940265420868993,-0.5846177512764931
1761379811558264800,4.999264892578125,-0.03512742748260498,1.3996762432992458,-0.8450432959198951
1761379811568347600,5.00934765625,-0.003765490013360977,1.4666896321251988,-0.958553355243802
1761379811578430700,5.0194306640625,0.10326339059770107,1.4816934322506188,-0.8469654961541294
1761379811588513500,5.029513427734375,0.3210936560958624,1.365963943311572,-0.5419377164572478
1761379811598596900,5.039596923828125,0.5200041170686484,1.1922054592519997,-0.2158205331109464
1761379811608679700,5.0496796875,0.6782704329639673,1.0411533125191927,-0.025274141988158225
1761379811618762800,5.0597626953125,0.811633778271079,0.9087903764262795,0.0528986464947462
1761379811628845600,5.069845458984375,0.8639005566030741,0.8188336266472935,0.0710962742254138
1761379811638928600,5.0799287109375,0.8437111705332994,0.7409186123177409,0.036830578138679265
1761379811649011700,5.09001171875,0.7938315795987844,0.6722726538538932,-0.04026216002255678
1761379811659094800,5.1000947265625,0.8943143995672463,0.633436142720282,-0.06568637800589204
1761379811669177900,5.110177734375,0.8934919772684573,0.5450941346615552,-0.038453210904449225
1761379811679260700,5.1202607421875,0.7722101148992776,0.3212330645665526,0.0112139063231647
1761379811689343700,5.13034375,0.8221025653153657,0.19769611674696205,0.10995835819169879
1761379811699426600,5.140426513671875,0.8029442758589983,0.20552929459065197,0.15979396385401487
1761379811709509600,5.150509521484375,0.668145929312706,0.1540694487273693,0.20778452617153523
1761379811719592700,5.1605927734375,0.5639712690889835,0.07019289564490318,0.17649945333078504
1761379811729675800,5.17067578125,0.510073674684763,0.0380433149293065,0.06498524399921297
1761379811739758800,5.1807587890625,0.46193478993773457,0.04396773654222488,-0.03784267779067158
1761379811749841700,5.190841552734375,0.4089052105396986,-0.01760813740491867,-0.08130991746485233
1761379811759924700,5.2009248046875,0.3568775016605854,-0.0919356486365199,-0.08459989892095326
1761379811770007600,5.211007568359375,0.3177285635769367,-0.09386252504587173,-0.11354863776862621
1761379811780091000,5.2210908203125,0.3224193517416715,-0.1134682660087943,-0.12748626996725798
1761379811790173700,5.231173583984375,0.3850409353494644,-0.1422404792457819,-0.13968027336895464
1761379811800256800,5.2412568359375,0.35301907266676424,-0.15987082848250864,-0.16173808365911244
1761379811810339600,5.251339599609375,0.36393794156610965,-0.21312837141752242,-0.1746665388152003
1761379811820422700,5.261422607421875,0.49631753653287886,-0.2654302210628986,-0.17594065040424464
1761379811830505700,5.271505615234375,0.5976105038404464,-0.3115036977127194,-0.18889175578355788
1761379811840588800,5.2815888671875,0.7240268064886332,-0.3820820855438709,-0.1707731846384704
1761379811850671900,5.291671875,0.8198843047440052,-0.4749772268623113,-0.0273512405231595
1761379811860754700,5.301754638671875,0.8537947576522826,-0.4898375268638134,0.050349984925240274
1761379811870837800,5.311837646484375,0.8876005811423062,-0.4807578560903668,0.135247405488044
1761379811880920600,5.321920654296875,0.8622656488776207,-0.4609834805622697,0.17582929898425936
1761379811891003600,5.332003662109375,0.8398585867583751,-0.3736287299752235,0.14335603927224874
1761379811901086700,5.342086669921875,0.816915518066287,-0.2881277905613184,0.1275168112359941
1761379811911169800,5.352169677734375,0.8129834393143653,-0.2971566079303622,0.13270137426704168
1761379811921252600,5.362252685546875,0.7737696193009614,-0.26938363486379385,0.15217062936872244
1761379811931335700,5.372335693359375,0.6417191101580858,-0.24485212793648242,0.10726035127937793
1761379811941418800,5.382418701171875,0.46599195637404917,-0.15058715956956148,0.004327653940767049
1761379811951501600,5.39250146484375,0.1623819345206022,-0.026830431519448757,-0.14765095998719333
1761379811961585000,5.4025849609375,-0.200868609303236,0.08006663940548896,-0.3039183571502566
1761379811971667700,5.412667724609375,-0.5435322921723127,0.22735884908288717,-0.5562674167133868
1761379811981750800,5.422750732421875,-0.8355085748553276,0.42346331272423265,-0.8429244040697813
1761379811991833600,5.43283349609375,-0.9396820660352706,0.35308044746518136,-0.8376584463655948
1761379812001916700,5.442916748046875,-1.0167647211939095,0.01416647251844406,-0.4669273375280201
1761379812011999500,5.45299951171875,-1.7567203336983919,0.24901684640049934,-0.24030381698235867
1761379812022082800,5.463082763671875,-2.5051497600376607,0.6297694369062781,-0.21806889655962586
1761379812032166000,5.473165771484375,-3.090812636452913,0.8769143519550562,-0.4947241298615932
1761379812042248700,5.483248779296875,-3.547093930673599,0.9793982826128601,-0.8979489566773176
1761379812052331800,5.493331787109375,-3.9848324369877575,1.2668848526611924,-1.5415968429408966
1761379812062414600,5.50341455078125,-4.352962569546699,1.9493343248754738,-2.34384568388164
1761379812072497700,5.51349755859375,-4.35920877045989,2.500937695300579,-2.9844898582845922
1761379812082580700,5.523580810546875,-4.236262189748883,2.9039161461398004,-3.286266819491982
1761379812092663800,5.533663818359375,-3.9260599300235506,3.1543326302051544,-3.2272689793393012
1761379812102746600,5.54374658203125,-3.5370483374774455,3.1342794377356764,-2.9955665480941533
1761379812112829700,5.55382958984375,-3.082835081702471,3.0283553034961224,-2.777472955484688
1761379812122912800,5.563912841796875,-2.64030758754611,2.9423177729874848,-2.5341750712528825
1761379812132995600,5.57399560546875,-2.328672664669156,2.708653101758659,-2.4066182202674447
1761379812143079000,5.584078857421875,-2.050974498185515,2.3516963973820206,-2.4910750574558973
1761379812153161700,5.59416162109375,-1.5691630413889883,2.1557839491814375,-2.7383687333256006
1761379812163244800,5.604244873046875,-1.1551304048329591,2.07806416516304,-3.0425001487046477
1761379812173327600,5.61432763671875,-1.0107049827635288,1.858152417215705,-3.228144008608162
1761379812183410700,5.62441064453125,-0.9336913011878728,1.6575468427628277,-3.279688902406394
1761379812193493500,5.634493408203125,-0.6267921746611594,1.7551450472056864,-3.2671775036185977
1761379812203576800,5.644576904296875,-0.3522936810016632,2.034563461610675,-3.2696506157338616
1761379812213659600,5.65465966796875,-0.033652678754925724,2.2242919604793188,-3.1317414436906574
1761379812223742700,5.66474267578125,0.37348318402469155,2.3355685616627335,-2.9355913873419164
1761379812233825800,5.67482568359375,0.6317869142085314,2.4206889773264524,-2.7649092419877648
1761379812243908600,5.68490869140625,0.7051917576372623,2.410494331048429,-2.563471016103029
1761379812253991700,5.69499169921875,0.6178630182743072,2.3657740225732327,-2.442623891889304
1761379812264074800,5.70507470703125,0.4714262563824653,2.4195371769428253,-2.5537851961299776
1761379812274157800,5.71515771484375,0.25125205810666085,2.507002402167022,-2.6810645453482866
1761379812284240600,5.72524072265625,-0.04414601571857929,2.5533380368843672,-2.7744734814077616
1761379812294323700,5.73532373046875,-0.4025076184570789,2.5926395351812244,-2.848912344059348
1761379812304406500,5.745406494140625,-0.7544324661463498,2.734648836019635,-2.917208466172218
1761379812314489600,5.755489501953125,-0.9865057765305042,2.9636206732571124,-2.9567046102583405
1761379812324573000,5.765572998046875,-1.0854945585489273,3.1418828984767195,-2.918433624053001
1761379812334655700,5.77565576171875,-1.142566106814146,3.2096108653128144,-2.7962396152749656
1761379812344739000,5.785739013671875,-1.1033908652454614,3.333983679434657,-2.662616449987888
1761379812354822100,5.795822265625,-1.3275602706372738,3.350533539958298,-2.571660167777538
1761379812364905200,5.8059052734375,-1.563895330119133,3.112679892607033,-2.4393286497361957
1761379812374988300,5.81598828125,-1.6171803455829619,3.0858839478790756,-2.347613219721615
1761379812385071400,5.8260712890625,-1.6011147614449261,3.119675450582802,-2.230471087505668
1761379812395154200,5.836154296875,-1.5802759715557098,2.968606060454249,-1.9710098578497766
1761379812405237200,5.8462373046875,-1.51343355538249,2.706914441397786,-1.756377950001508
1761379812415320000,5.856320068359375,-1.4754279421150684,2.5002049971118567,-1.6544604210548102
1761379812425403100,5.866403076171875,-1.4968880787730217,2.3155749904260037,-1.7033613762155175
1761379812435486200,5.876486328125,-1.3314414959847927,2.2571640102505683,-1.784164367071539
1761379812445569300,5.8865693359375,-1.31570558219254,2.191791958890855,-1.7261550995647905
1761379812455652400,5.89665234375,-1.345323890864849,2.041487415654957,-1.5852131356969474
1761379812465735200,5.906735107421875,-1.26229197191298,1.9051140748769044,-1.4493138421714304
1761379812475818200,5.916818359375,-1.0767600479513406,1.8455100855246185,-1.3643370727621018
1761379812485901000,5.926901123046875,-0.9540484450399875,1.792960983119905,-1.2250424377098679
1761379812495984400,5.936984375,-0.8598235164225101,1.7482842215254901,-1.0589815224155783
1761379812506067200,5.947067138671875,-0.7271539985984563,1.74355690074265,-0.936914501018077
1761379812516150300,5.957150390625,-0.5642670371651649,1.749955369608104,-0.8450180153481662
1761379812526233000,5.967233154296875,-0.44224750817120073,1.728433565890789,-0.7690935903139412
1761379812536316200,5.977316162109375,-0.37359307413995263,1.7076549817562103,-0.7157660508826375
1761379812546399200,5.987399169921875,-0.38703006334006784,1.6520865315303206,-0.638862405552715
1761379812556482300,5.997482421875,-0.41884442075192924,1.6394377700984477,-0.5431348172873258
1761379812566565400,6.0075654296875,-0.39168694923520087,1.7086650355815887,-0.5724344153992832
1761379812576648200,6.017648193359375,-0.4695119471937418,1.6426783594548702,-0.7057477840848266
1761379812586731300,6.027731201171875,-0.2633551683545112,1.5391636244446039,-0.7206174364365637
1761379812596814000,6.03781396484375,-0.21847323957681655,1.4061398863554,-0.6645905749186873
1761379812606897200,6.047897216796875,-0.2978086420983076,1.2120806648060678,-0.5972564297057688
1761379812616980200,6.057980224609375,-0.18570026626586913,1.1507742554500697,-0.567514056262374
1761379812627063300,6.068063232421875,-0.14503858553171156,1.1218266856461763,-0.5303207822911441
1761379812637146000,6.07814599609375,-0.24069851538836953,1.023713225157559,-0.4752897999428212
1761379812647229200,6.088229248046875,-0.22568507065176963,0.9066916505813598,-0.4585458781518042
1761379812657312300,6.098312255859375,-0.16007599566578865,0.8230430610358714,-0.5448160483725368
1761379812667395000,6.10839501953125,-0.3635983343482017,0.7923910254016518,-0.6717845780760049
1761379812677478400,6.118478515625,-0.47858372692167755,0.8034107243269681,-0.8200453405246139
1761379812687561200,6.128561279296875,-0.09584580781757832,0.6500675440475344,-0.8848504056513309
1761379812697644300,6.138644287109375,0.31601416087448597,0.07916793700009583,-0.522690287412703
1761379812707727000,6.14872705078125,0.3385264369338751,-0.35582945391237736,0.10053498854711651
1761379812717810200,6.15881005859375,0.006761164698004722,-0.2727317762479186,0.5912415533304214
1761379812727893000,6.16889306640625,-0.9560358194649219,-0.17551468007713555,0.4593614323183894
1761379812737976300,6.178976318359375,-1.7256828058779239,0.1082376718789339,-0.17614245658665895
1761379812748059400,6.189059326171875,-2.3199083434551953,0.5632534762084483,-0.9211937847949564
1761379812758142200,6.19914208984375,-2.2481407458394767,0.9892053908780216,-1.47200235158056
1761379812768225300,6.209225341796875,-1.8547347177267073,1.4599977332711218,-1.8013956339880823
1761379812778308000,6.21930810546875,-1.3134130873411893,1.3285954589039086,-1.9110723987594245
1761379812788391200,6.22939111328125,-0.5995405951201915,1.2284081147506833,-1.5226920898541807
1761379812798474200,6.23947412109375,-0.6072726506769657,1.0098501194998621,-0.969767699958384
1761379812808557300,6.249557373046875,-0.18751696029901505,0.6858738937050104,-0.30447160711884497
1761379812818640100,6.25964013671875,0.2525736620992422,0.7013119935944676,0.09904854938164352
1761379812828723200,6.26972314453125,-0.007106617134809493,0.6439376629903912,0.19654373184144497
1761379812838806300,6.27980615234375,-0.011600421422719954,0.6377212726935744,0.07058481757193803
1761379812848889000,6.28988916015625,0.07472294028997421,0.8365352875545621,-0.26014453574493523
1761379812858972400,6.299972412109375,0.23632746069729327,0.9430743388220667,-0.45498862406164403
1761379812869055200,6.31005517578125,0.47777942480146884,0.9638453241720795,-0.3531707560971379
1761379812879138300,6.32013818359375,0.6116986504256725,0.8249868885800242,-0.18693828362822532
1761379812889221000,6.33022119140625,0.6855564983189105,0.5966527647241949,0.06260492473393678
1761379812899304200,6.34030419921875,0.6567296322852373,0.5985314180776476,0.26580373055040835
1761379812909387000,6.350386962890625,0.5065975230067968,0.7375421216219663,0.35074133699312804
1761379812919470300,6.36047021484375,0.2698842778623104,0.8902820753112435,0.32578634395673867
1761379812929553200,6.37055322265625,0.1478513048648834,1.0656544243082404,0.32138606317117807
1761379812939636200,6.38063623046875,-0.04018354182839393,1.253030222570896,0.37632863658368587
1761379812949719300,6.39071923828125,-0.2857628149956465,1.4307780685275793,0.3924323607750237
1761379812959802000,6.400802001953125,-0.458241196116805,1.6077181052327154,0.37244171214774247
1761379812969885200,6.41088525390625,-0.3377846786558628,1.6450573635458945,0.36143224235549565
1761379812979968300,6.42096826171875,-0.3572644551515579,1.6250480102181433,0.40832901808694
1761379812990051300,6.43105126953125,-0.2431149288803339,1.538564489507675,0.5716155002318323
1761379813000134100,6.441134033203125,0.05119008901119232,1.485917479686439,0.6823179547891021
1761379813010217200,6.45121728515625,0.19396014508903026,1.3658701275482772,0.7240903732441365
1761379813020300000,6.461300048828125,0.2810767030060291,1.1715683294147252,0.8114028921246528
1761379813030383000,6.471383056640625,0.38929859279394147,1.0359405463069677,0.8328576219551265
1761379813040466400,6.481466552734375,0.419941568338871,0.928843861156702,0.8507356623426079
1761379813050549200,6.49154931640625,0.2734866862684488,0.8374693535342812,0.831952197548002
1761379813060632300,6.50163232421875,0.12440788543522358,0.7647495697602629,0.7729469047412276
1761379813070715100,6.511715087890625,0.11394202100038528,0.7316337743610143,0.6514334255732596
1761379813080798200,6.521798095703125,0.21253508169949054,0.6787523712620138,0.553792258771509
1761379813090881000,6.531881103515625,0.4072404921978712,0.5708779797375202,0.5148218921251595
1761379813100964400,6.54196435546875,0.6529167959988117,0.43788668261319397,0.5267891010336577
1761379813111047200,6.552047119140625,0.8054939603418111,0.2408992986574769,0.5905636540688574
1761379813121130200,6.562130126953125,0.7933218765109777,0.1996837834328413,0.6476391478568315
1761379813131213300,6.57221337890625,0.5708282953768968,0.2846519311442971,0.6811625011436641
1761379813141296000,6.582296142578125,0.38662148253917694,0.2789151410579681,0.6928397871948778
1761379813151379200,6.592379150390625,0.28844167881608007,0.32310645722299813,0.6505534278683364
1761379813161462300,6.602462158203125,0.14755670583248137,0.3636670156702399,0.680785046133399
1761379813171545300,6.61254541015625,0.2800876919686794,0.32346739948987957,0.729050333739072
1761379813181628200,6.622628173828125,0.4909112935751676,0.33058453801870347,0.7974407100066542
1761379813191711200,6.632711181640625,0.5892722990840673,0.2428112697586417,0.9178209473609924
1761379813201794000,6.6427939453125,0.5930594164073467,0.05364478868693113,1.0111785916246474
1761379813211877000,6.652877197265625,0.6584013648897409,-0.08483195411115885,1.1821588431425392
1761379813221960200,6.662960205078125,0.6108242056787013,-0.19904285518079995,1.2797637695871293
1761379813232043300,6.673043212890625,0.5696124898463487,-0.41382396224141116,1.2655666096694766
1761379813242126300,6.683126220703125,0.6283282981872558,-0.5313529018178582,1.1735479589246214
1761379813252209200,6.693209228515625,0.6957856313884258,-0.6357572791442274,1.0340357355989516
1761379813262292200,6.703292236328125,0.6322820042490959,-0.7381123227253555,0.8743529770344495
1761379813272375000,6.713375,0.45266076563596724,-0.7852557666942477,0.7604572793938219
1761379813282458400,6.723458251953125,0.3361462637990713,-0.7878054511770606,0.6700196142300963
1761379813292541200,6.733541259765625,0.3505342701137066,-0.7399766552925109,0.6659399437010288
1761379813302624300,6.743624267578125,0.3252437615126371,-0.7537079512640833,0.8227740348361432
1761379813312707000,6.75370703125,0.34312487064003944,-0.8665040170997381,0.9832957284428179
1761379813322790100,6.7637900390625,0.4403133252382278,-0.9604001521542668,1.0378360046647488
1761379813332873200,6.773873291015625,0.3126005530387163,-1.095241461059451,1.1017321382530032
1761379813342956300,6.783956298828125,0.08549743228256702,-1.2458739210754632,1.0951349319450556
1761379813353043200,6.794043212890625,0.10084873067140579,-1.2164300921872258,0.8744222428783773
1761379813363126000,6.8041259765625,-0.014624737679958342,-1.25013216304183,0.7686129671901464
1761379813373209000,6.814208984375,-0.29586276872754097,-1.2890411548897622,0.7064248065635561
1761379813383292200,6.824292236328125,-0.37506022408306594,-1.1544546975284815,0.4890789635814726
1761379813393375200,6.834375244140625,-0.26177403664290905,-0.9726382869586347,0.21462679328173398
1761379813403458000,6.8444580078125,-0.2891816835284233,-0.8193889224424957,0.14239333171993493
1761379813413541000,6.854541015625,-0.039347675526142115,-0.5280442156612872,0.20198679967820643
1761379813423624000,6.8646240234375,-0.2384703179448843,-0.37408611835390326,0.8308769695319235
1761379813433707000,6.87470703125,-1.5574468846321106,-1.3230509765192866,2.0429386373765763
1761379813443790000,6.8847900390625,-0.998805870655179,-1.5892513051718473,2.098786781326681
1761379813453873200,6.894873046875,-0.7862105832010508,-1.0220908846527337,1.5364304000884295
1761379813463956200,6.904956298828125,-0.7399807469457388,-0.7423255565062165,0.8616312964968382
1761379813474039000,6.9150390625,-0.993776059794426,-0.4360480690091848,0.371481196552515
1761379813484122000,6.9251220703125,-1.133235383889079,-0.07142740587592125,0.0611434738792479
1761379813494205000,6.935204833984375,-1.0438573107808828,0.20534780054390428,-0.2514332598924637
1761379813504288300,6.945288330078125,-0.6297732362985611,0.5165434552207588,-0.45744858443439
