time,seconds_elapsed,z,y,x
1761380606740523800,0.073523681640625,-0.2841552793979645,2.175776720046997,-0.022580942139029503
1761380606750579700,0.083579833984375,-0.33509543538093567,2.4261295795440674,0.04182068258523941
1761380606760635000,0.093634765625,-0.42516380548477173,2.551196336746216,0.12970180809497833
1761380606770690800,0.10369091796875,-0.5239686965942383,2.613880157470703,0.08386480808258057
1761380606780747000,0.1137470703125,-0.5926918387413025,2.5458271503448486,-0.13857997953891754
1761380606790803000,0.123802978515625,-0.5848264694213867,2.42360782623291,-0.415542870759964
1761380606800859000,0.13385888671875,-0.47734472155570984,2.2515411376953125,-0.6492165923118591
1761380606810913800,0.143913818359375,-0.32354745268821716,1.9294042587280273,-0.7309815287590027
1761380606820969700,0.1539697265625,-0.1490219682455063,1.4994393587112427,-0.6620892882347107
1761380606831026000,0.16402587890625,0.06783603876829147,1.045081615447998,-0.5403401851654053
1761380606841081900,0.174081787109375,0.23544980585575104,0.740456759929657,-0.46255165338516235
1761380606851137800,0.1841376953125,0.35255351662635803,0.5329291820526123,-0.45016664266586304
1761380606861193000,0.19419287109375,0.41864466667175293,0.3624218702316284,-0.5634878873825073
1761380606871249000,0.204248779296875,0.44319555163383484,0.24845774471759796,-0.9188052415847778
1761380606881305000,0.21430517578125,0.4556591212749481,0.263528048992157,-1.3876802921295166
1761380606891361000,0.224361083984375,0.4142935872077942,0.36445093154907227,-1.859582543373108
1761380606901416000,0.234416015625,0.2965885102748871,0.5703713297843933,-2.2637088298797607
1761380606911471900,0.244471923828125,0.20615050196647644,0.7309876680374146,-2.410217761993408
1761380606921527800,0.25452783203125,0.10068719834089279,0.6724215149879456,-2.214972972869873
1761380606931584000,0.264583984375,-0.05067010223865509,0.502850353717804,-1.7074042558670044
1761380606941640000,0.274639892578125,-0.18965435028076172,0.2794489562511444,-1.0498210191726685
1761380606951694800,0.28469482421875,-0.2426435351371765,0.04499330744147301,-0.4449814558029175
1761380606961751000,0.2947509765625,-0.18653233349323273,-0.24923007190227509,0.029588252305984497
1761380606971807000,0.304806884765625,-0.08321712911128998,-0.5692639946937561,0.36116111278533936
1761380606981863000,0.31486279296875,-0.0017164073651656508,-0.7772883176803589,0.399251788854599
1761380606991918800,0.3249189453125,0.09579949826002121,-0.677459180355072,0.16675782203674316
1761380607001973800,0.334973876953125,0.17174911499023438,-0.6151513457298279,0.004945756401866674
1761380607012030000,0.345030029296875,0.22846539318561554,-0.8792822957038879,0.1414538025856018
1761380607022086000,0.3550859375,0.28390493988990784,-1.3759021759033203,0.5694671869277954
1761380607032141800,0.365141845703125,0.34473875164985657,-1.9691405296325684,1.1504565477371216
1761380607042198000,0.375197998046875,0.36311084032058716,-2.467381000518799,1.6425138711929321
1761380607052253000,0.3852529296875,0.3018874228000641,-2.493666410446167,1.7972962856292725
1761380607062309000,0.39530908203125,0.15047019720077515,-2.337679624557495,1.5446845293045044
1761380607072364800,0.40536474609375,-0.05754132196307182,-2.2783284187316895,0.8629302382469177
1761380607082420700,0.415420654296875,-0.21396315097808838,-2.29426646232605,-0.18898829817771912
1761380607092476000,0.425475830078125,-0.2634875774383545,-2.3397138118743896,-1.1954379081726074
1761380607102531800,0.43553173828125,-0.24469736218452454,-2.6310243606567383,-1.7715173959732056
1761380607112588000,0.445588134765625,-0.25364506244659424,-2.9869754314422607,-1.6855332851409912
1761380607122644000,0.45564404296875,-0.42536142468452454,-3.1571738719940186,-1.0125268697738647
1761380607132700000,0.465699951171875,-0.6489391326904297,-3.1048104763031006,-0.10233782231807709
1761380607142754800,0.4757548828125,-0.8438103199005127,-3.0280985832214355,0.6950680017471313
1761380607152810800,0.485810791015625,-0.9768959283828735,-3.1234612464904785,1.1195505857467651
1761380607162867000,0.495866943359375,-1.0164742469787598,-3.032163143157959,1.2243372201919556
1761380607172923000,0.5059228515625,-1.0642207860946655,-2.8220980167388916,1.0761269330978394
1761380607182978800,0.515978759765625,-1.0751261711120605,-2.6915204524993896,0.7867097854614258
1761380607193034000,0.526033935546875,-0.9699986577033997,-2.627241849899292,0.5561076998710632
1761380607203090000,0.53608984375,-0.8005760312080383,-2.583221673965454,0.40744075179100037
1761380607213145900,0.546145751953125,-0.5668485164642334,-2.5117459297180176,0.32895684242248535
1761380607223202000,0.5562021484375,-0.25269296765327454,-2.306708335876465,0.2290787249803543
1761380607233256700,0.566256591796875,0.08919671922922134,-1.957319736480713,0.07521139830350876
1761380607243313000,0.57631298828125,0.39861875772476196,-1.7010294198989868,-0.05488188937306404
1761380607253368800,0.586368896484375,0.6385429501533508,-1.4568535089492798,-0.090455062687397
1761380607263424800,0.5964248046875,0.6842515468597412,-1.1991583108901978,0.012513927184045315
1761380607273481000,0.60648095703125,0.6013414859771729,-0.9478083848953247,0.21093620359897614
1761380607283536000,0.616535888671875,0.40722474455833435,-0.8005023002624512,0.3776357173919678
1761380607293592000,0.626592041015625,0.2745247781276703,-0.5786071419715881,0.3896561563014984
1761380607303648000,0.63664794921875,0.17940837144851685,-0.5902856588363647,0.14423254132270813
1761380607313704000,0.646703857421875,0.07268805056810379,-0.39430683851242065,-0.23845544457435608
1761380607323759900,0.656759765625,-0.03117309883236885,-0.10897841304540634,-0.6724327206611633
1761380607333814800,0.666814697265625,-0.13773976266384125,0.08245226740837097,-0.9956283569335938
1761380607343871000,0.67687109375,-0.26954999566078186,0.07227792590856552,-1.1096664667129517
1761380607353927000,0.686927001953125,-0.3788202702999115,-0.019881829619407654,-1.117494821548462
1761380607363982800,0.69698291015625,-0.4233081340789795,-0.018731875345110893,-1.138333797454834
1761380607374039000,0.7070390625,-0.39053845405578613,0.15680985152721405,-1.1616429090499878
1761380607384094000,0.717093994140625,-0.3028285801410675,0.5220200419425964,-1.0492258071899414
1761380607394150100,0.727150146484375,-0.19265173375606537,0.9651386141777039,-0.7984098196029663
1761380607404205800,0.737205810546875,-0.042634278535842896,1.466548204421997,-0.45303457975387573
1761380607414261800,0.74726171875,0.057623349130153656,1.687735676765442,-0.14654949307441711
1761380607424318000,0.75731787109375,0.12838619947433472,1.7271835803985596,0.019715914502739906
1761380607434372900,0.767372802734375,0.19335401058197021,1.632498025894165,0.17548899352550507
1761380607444428800,0.7774287109375,0.2827981412410736,1.4817698001861572,0.20791378617286682
1761380607454485000,0.787485107421875,0.4389454126358032,1.6340099573135376,-0.028441494330763817
1761380607464541000,0.797541015625,0.5900846123695374,1.8579274415969849,-0.5469174385070801
1761380607474595800,0.807595947265625,0.7554815411567688,1.8031611442565918,-1.3079338073730469
1761380607484651800,0.81765185546875,0.907589316368103,2.104496717453003,-1.9835751056671143
1761380607494707700,0.827707763671875,0.8777222037315369,2.809457778930664,-2.2777318954467773
1761380607504764000,0.837763916015625,0.6301805973052979,3.5434978008270264,-2.173602342605591
1761380607514819800,0.84781982421875,0.24395887553691864,3.8856778144836426,-1.6790047883987427
1761380607524874800,0.857874755859375,-0.10865271091461182,3.840859889984131,-0.8465800285339355
1761380607534930700,0.8679306640625,-0.28447672724723816,3.5655431747436523,0.02869316376745701
1761380607544986600,0.877986572265625,-0.3039313852787018,3.0938310623168945,0.722287118434906
1761380607555042800,0.888042724609375,-0.26907914876937866,2.495007276535034,1.1780418157577515
1761380607565098800,0.8980986328125,-0.18372881412506104,1.8041750192642212,1.337898850440979
1761380607575154000,0.90815380859375,-0.05152231454849243,1.2721720933914185,1.187414526939392
1761380607585209900,0.9182099609375,0.10312212258577347,0.9653575420379639,0.8588342666625977
1761380607595265800,0.928265869140625,0.20480027794837952,1.0891393423080444,0.5317009091377258
1761380607605322000,0.938322021484375,0.19038325548171997,1.3777573108673096,0.26121535897254944
1761380607615378000,0.9483779296875,0.15897659957408905,1.696830153465271,0.033678602427244186
1761380607625432800,0.958432861328125,0.17285460233688354,1.9193819761276245,-0.16260382533073425
1761380607635488800,0.96848876953125,0.2385806143283844,1.926680088043213,-0.3229924440383911
1761380607645544700,0.978544677734375,0.35378336906433105,1.7390245199203491,-0.4782070517539978
1761380607655601000,0.988600830078125,0.47038376331329346,1.3893479108810425,-0.7505791783332825
1761380607665656800,0.99865673828125,0.5741567611694336,1.1254467964172363,-1.0818684101104736
1761380607675711700,1.008711669921875,0.5828524827957153,0.9154062271118164,-1.317488193511963
1761380607685768000,1.018767822265625,0.5199171900749207,0.6096135377883911,-1.46148681640625
1761380607695823600,1.02882373046875,0.44885823130607605,0.36938098073005676,-1.449157476425171
1761380607705879800,1.0388798828125,0.37088751792907715,0.1492278277873993,-1.2123305797576904
1761380607715935700,1.048935791015625,0.29940295219421387,-0.03760090470314026,-0.8152114748954773
1761380607725990700,1.05899072265625,0.2399127334356308,-0.3160698115825653,-0.3779779374599457
1761380607736046800,1.069046875,0.16446217894554138,-0.5312087535858154,0.05192258581519127
1761380607746102800,1.079102783203125,0.09595369547605515,-0.4874596893787384,0.36885473132133484
1761380607756158700,1.08915869140625,0.037515949457883835,-0.31393101811408997,0.6235259175300598
1761380607766214000,1.0992138671875,-0.05673838034272194,-0.26470836997032166,0.9303204417228699
1761380607776269600,1.10926953125,-0.11227833479642868,-0.39401814341545105,1.2819839715957642
1761380607786325800,1.11932568359375,-0.10700660943984985,-0.7781429290771484,1.6674901247024536
1761380607796381700,1.129381591796875,-0.0464058481156826,-1.252397060394287,2.015502452850342
1761380607806437600,1.139437744140625,0.084449902176857,-1.7829042673110962,2.1385254859924316
1761380607816492800,1.149492919921875,0.2517850995063782,-2.2067694664001465,1.964234709739685
1761380607826548700,1.159548828125,0.3846576511859894,-2.4340460300445557,1.5951935052871704
1761380607836605000,1.16960498046875,0.45585355162620544,-2.4972124099731445,1.1170929670333862
1761380607846660900,1.179660888671875,0.43036389350891113,-2.6836483478546143,0.8300665616989136
1761380607856716800,1.189716796875,0.33861052989959717,-3.21175217628479,0.8056677579879761
1761380607866771700,1.199771728515625,0.13515755534172058,-3.8933050632476807,0.7717750072479248
1761380607876827600,1.20982763671875,0.04698402062058449,-4.3789381980896,0.5536512136459351
1761380607886883800,1.2198837890625,0.22579078376293182,-4.55792760848999,0.30878952145576477
1761380607896939800,1.229939697265625,0.4026249349117279,-4.658371925354004,0.34466418623924255
1761380607906995700,1.23999560546875,0.2596241235733032,-4.630184650421143,0.618433952331543
1761380607917051000,1.25005078125,-0.1464243233203888,-4.356433868408203,0.8312966823577881
1761380607927106800,1.26010693359375,-0.7575646638870239,-3.6043412685394287,1.0693327188491821
1761380607937162800,1.270162841796875,-1.433834195137024,-2.5900628566741943,1.4678914546966553
1761380607947219000,1.280218994140625,-1.8298795223236084,-1.99667227268219,1.9011547565460205
1761380607957274600,1.290274658203125,-1.8135263919830322,-1.9902311563491821,2.1269001960754395
1761380607967329800,1.300329833984375,-1.4118117094039917,-2.240124225616455,2.0818285942077637
1761380607977385700,1.3103857421875,-0.7574877142906189,-2.6089019775390625,1.8444571495056152
1761380607987441700,1.320441650390625,0.046296127140522,-3.099118947982788,1.4001851081848145
1761380607997497900,1.330497802734375,0.895721971988678,-3.4358692169189453,0.8006117343902588
1761380608007553800,1.3405537109375,1.5971672534942627,-3.4709484577178955,0.19613702595233917
1761380608017609000,1.35060888671875,2.0366485118865967,-3.525940418243408,-0.3327220380306244
1761380608027665000,1.360664794921875,2.2233738899230957,-3.282665491104126,-0.7562554478645325
1761380608037720600,1.370720458984375,2.1676242351531982,-2.733316659927368,-1.0624744892120361
1761380608047776800,1.38077685546875,1.8616700172424316,-2.1443498134613037,-1.2122459411621094
1761380608057831700,1.390831787109375,1.3111988306045532,-1.6078624725341797,-1.1718065738677979
1761380608067887900,1.400887939453125,0.610734760761261,-0.8524730801582336,-1.073249340057373
1761380608077943800,1.41094384765625,-0.056233976036310196,0.175811767578125,-1.050521969795227
1761380608087999700,1.420999755859375,-0.6024062633514404,0.9584380984306335,-1.0994948148727417
1761380608098056000,1.431055908203125,-0.971696674823761,1.4803295135498047,-1.0800639390945435
1761380608108110800,1.44111083984375,-1.154312014579773,1.6354389190673828,-0.9751891493797302
1761380608118166800,1.451166748046875,-1.1304056644439697,1.366729974746704,-0.8317773938179016
1761380608128222700,1.46122265625,-1.008766531944275,1.0738309621810913,-0.7102972865104675
1761380608138278700,1.471278564453125,-0.9879805445671082,1.1003611087799072,-0.8270217776298523
1761380608148334800,1.4813349609375,-0.9947676062583923,1.418877363204956,-1.0415345430374146
1761380608158389800,1.4913896484375,-1.0532623529434204,1.8465189933776855,-1.1091469526290894
1761380608168446000,1.501446044921875,-1.193084955215454,2.260716199874878,-1.000670313835144
1761380608178502000,1.511501953125,-1.342963695526123,2.5398967266082764,-0.7648113965988159
1761380608188557800,1.521557861328125,-1.4776668548583984,2.5924761295318604,-0.5466896891593933
1761380608198613800,1.53161376953125,-1.6350435018539429,2.7636191844940186,-0.460628867149353
1761380608208668700,1.541668701171875,-1.7993592023849487,3.2114059925079346,-0.3470540940761566
1761380608218724600,1.551724609375,-1.9306703805923462,3.6596693992614746,-0.0893021821975708
1761380608228780800,1.56178076171875,-1.8696410655975342,3.822078227996826,0.04614965245127678
1761380608238836700,1.571836669921875,-1.6499550342559814,3.5042331218719482,-0.20903044939041138
1761380608248892700,1.581892578125,-1.367941975593567,2.643951892852783,-1.0317384004592896
1761380608258947800,1.59194775390625,-1.1568822860717773,2.280616521835327,-2.1016995906829834
1761380608269003800,1.602003662109375,-1.1154016256332397,3.1727631092071533,-2.7497100830078125
1761380608279060000,1.61206005859375,-1.235460638999939,4.110593795776367,-2.999746322631836
1761380608289116000,1.622115966796875,-1.4009963274002075,5.092995643615723,-3.0896759033203125
1761380608299171600,1.632171630859375,-1.3491911888122559,5.897983074188232,-2.7279882431030273
1761380608309226800,1.642226806640625,-1.0219206809997559,5.73972749710083,-1.9611784219741821
1761380608319282700,1.65228271484375,-0.5823081731796265,4.758925437927246,-1.057039737701416
1761380608329339000,1.6623388671875,-0.08397665619850159,3.5951905250549316,-0.2835544943809509
1761380608339394800,1.672394775390625,0.38883695006370544,2.2707889080047607,0.10493121296167374
1761380608349450000,1.682449951171875,0.7074029445648193,0.897946834564209,0.19220513105392456
1761380608359506000,1.692505859375,0.8758497834205627,-0.1205676943063736,0.15422073006629944
1761380608369561600,1.7025615234375,0.9302562475204468,-0.6281821727752686,0.04163559526205063
1761380608379617800,1.71261767578125,0.9023652672767639,-0.8200829029083252,-0.14056643843650818
1761380608389673700,1.722673828125,0.8389178514480591,-0.8184821009635925,-0.3112233877182007
1761380608399729000,1.73272900390625,0.7519435286521912,-0.5932359099388123,-0.3761405944824219
1761380608409784800,1.742784912109375,0.680223822593689,-0.2740193009376526,-0.3674453794956207
1761380608419840800,1.7528408203125,0.6851948499679565,0.02665850892663002,-0.3590441942214966
1761380608429896700,1.762896728515625,0.7310014963150024,0.0984775722026825,-0.42156028747558594
1761380608439953000,1.772952880859375,0.7839315533638,0.18451231718063354,-0.48799630999565125
1761380608450007600,1.783007568359375,0.9037109613418579,0.40950441360473633,-0.3984339237213135
1761380608460063700,1.793063720703125,1.0794212818145752,0.5430344939231873,-0.2159474790096283
1761380608470120200,1.8031201171875,1.296275019645691,0.5349323749542236,-0.07114315032958984
1761380608480176000,1.813176025390625,1.4623137712478638,0.35853153467178345,0.02876373752951622
1761380608490232300,1.823232421875,1.6015657186508179,-0.0731772780418396,0.10239055007696152
1761380608500287000,1.833286865234375,1.7258518934249878,-0.5825249552726746,0.11902465671300888
1761380608510343200,1.84334326171875,1.7780488729476929,-0.94435715675354,0.15826287865638733
1761380608520399000,1.853399169921875,1.7789855003356934,-1.1592572927474976,0.2761082947254181
1761380608530455000,1.863455078125,1.720163106918335,-1.2843259572982788,0.3461470305919647
1761380608540510200,1.87351025390625,1.6800132989883423,-1.4188611507415771,0.4019405245780945
1761380608550566100,1.883566162109375,1.628022313117981,-1.8744722604751587,0.5572957396507263
1761380608560622300,1.893622314453125,1.4957529306411743,-2.3054230213165283,0.6984278559684753
1761380608570678300,1.90367822265625,1.1180123090744019,-2.2307534217834473,0.7177943587303162
1761380608580734000,1.91373388671875,0.4851544499397278,-1.6734137535095215,0.40432271361351013
1761380608590789000,1.9237890625,-0.21448592841625214,-1.052910327911377,-0.23690548539161682
1761380608600845000,1.933844970703125,-0.6307073831558228,-0.8826589584350586,-0.978646457195282
1761380608610901000,1.94390087890625,-0.7088253498077393,-1.6483994722366333,-1.3456214666366577
1761380608620957200,1.953957275390625,-0.6557935476303101,-2.834791660308838,-1.2870609760284424
1761380608631013000,1.96401318359375,-0.5541638731956482,-3.4795429706573486,-0.7503906488418579
1761380608641068300,1.974068359375,-0.5929373502731323,-3.2049877643585205,0.06178294122219086
1761380608651124200,1.984124267578125,-0.867397129535675,-2.5847272872924805,0.82085120677948
1761380608661180000,1.994179931640625,-1.0767298936843872,-2.035244941711426,1.3323988914489746
1761380608671236000,2.004236083984375,-1.1405264139175415,-1.5862714052200317,1.4472967386245728
1761380608681292000,2.0142919921875,-1.126071810722351,-1.2792803049087524,1.1183981895446777
1761380608691347200,2.02434716796875,-1.0249537229537964,-0.9363865852355957,0.48527082800865173
1761380608701403100,2.034403076171875,-0.8851569890975952,-0.43336021900177,-0.24319906532764435
1761380608711459000,2.044458984375,-0.7225677967071533,-0.14089401066303253,-0.9925369620323181
1761380608721515300,2.054515380859375,-0.5588393211364746,-0.38511866331100464,-1.639002799987793
1761380608731571200,2.0645712890625,-0.2946806252002716,-0.9463241696357727,-2.0038130283355713
1761380608741626000,2.074626220703125,0.008142614737153053,-1.7567057609558105,-2.057145833969116
1761380608751682000,2.08468212890625,0.3307693898677826,-2.411045789718628,-1.7815256118774414
1761380608761738000,2.094738037109375,0.569793701171875,-2.744364023208618,-1.3115668296813965
1761380608771794200,2.104794189453125,0.6542292237281799,-2.643042802810669,-0.6905794739723206
1761380608781849000,2.11484912109375,0.4976356029510498,-1.878760814666748,0.07153330743312836
1761380608791905300,2.1249052734375,0.2291085571050644,-0.8782522082328796,0.7400738000869751
1761380608801961200,2.134961181640625,-0.01005130261182785,0.07477837055921555,1.0745090246200562
1761380608812017200,2.14501708984375,-0.19149751961231232,0.9386798739433289,1.1168805360794067
1761380608822073300,2.1550732421875,-0.3430628180503845,1.4791017770767212,0.9751260280609131
1761380608832128000,2.1651279296875,-0.4374961256980896,1.661633849143982,0.7614858746528625
1761380608842184200,2.17518408203125,-0.46655625104904175,1.67612886428833,0.5240448713302612
1761380608852240100,2.185240234375,-0.47336170077323914,1.6541024446487427,0.28122207522392273
1761380608862296000,2.195296142578125,-0.4231363534927368,1.7186942100524902,0.03852608799934387
1761380608872351200,2.205351318359375,-0.29065605998039246,1.7719746828079224,-0.1708923876285553
1761380608882407200,2.2154072265625,-0.07425852119922638,1.7881622314453125,-0.25195419788360596
1761380608892463000,2.225463134765625,0.16422170400619507,1.8517427444458008,-0.14384052157402039
1761380608902519300,2.235519287109375,0.28468579053878784,1.992268443107605,-0.07746150344610214
1761380608912575000,2.245574951171875,0.2736816108226776,2.2395401000976562,-0.2830308973789215
1761380608922630100,2.255630126953125,0.17931808531284332,2.7038686275482178,-0.6586852073669434
1761380608932686000,2.26568603515625,0.11364187300205231,3.1251909732818604,-1.0179650783538818
1761380608942742000,2.275741943359375,0.22893038392066956,3.12473464012146,-1.3835369348526
1761380608952798200,2.285798095703125,0.5499060153961182,2.3385040760040283,-1.7050169706344604
1761380608962854100,2.295854248046875,1.022362232208252,1.1986355781555176,-1.7599401473999023
1761380608972909300,2.305909423828125,1.6365697383880615,1.1577671766281128,-1.2511544227600098
1761380608982965200,2.31596533203125,1.9032429456710815,1.6257834434509277,-0.6734732389450073
1761380608993021000,2.32602099609375,1.7029633522033691,2.196265459060669,-0.3025561273097992
1761380609003077000,2.3360771484375,1.4108495712280273,2.7047929763793945,-0.08431275188922882
1761380609013132000,2.346132080078125,1.23045814037323,2.8430402278900146,0.03230414539575577
1761380609023188200,2.356188232421875,1.117779016494751,2.4240641593933105,-0.04856753721833229
1761380609033244200,2.366244140625,1.0101476907730103,1.8080991506576538,-0.296812504529953
1761380609043300000,2.376300048828125,0.9337199926376343,1.194149136543274,-0.5804527401924133
1761380609053356300,2.386356201171875,0.8686656355857849,0.5085574984550476,-0.769439160823822
1761380609063411200,2.3964111328125,0.7493591904640198,-0.061342984437942505,-0.8128476142883301
1761380609073467100,2.406467041015625,0.5771501660346985,-0.33506879210472107,-0.6839250922203064
1761380609083523000,2.416523193359375,0.4251723289489746,-0.31200823187828064,-0.3681817650794983
1761380609093579000,2.4265791015625,0.32777920365333557,0.014407435432076454,-0.000012250540748937055
1761380609103635200,2.43663525390625,0.34165453910827637,0.49926841259002686,0.33595165610313416
1761380609113690000,2.446690185546875,0.4230559170246124,0.9287606477737427,0.6237757205963135
1761380609123746000,2.45674609375,0.5302265882492065,1.205575704574585,0.8676461577415466
1761380609133802200,2.46680224609375,0.6568417549133301,1.167824149131775,0.951747715473175
1761380609143858200,2.476858154296875,0.7633679509162903,0.9317641854286194,0.8742292523384094
1761380609153913000,2.4869130859375,0.7951567769050598,0.744784951210022,0.7673709392547607
1761380609163969000,2.496968994140625,0.8173142671585083,0.6888498067855835,0.6903278231620789
1761380609174025000,2.50702490234375,0.9142224192619324,0.6322680115699768,0.6041053533554077
1761380609184081200,2.5170810546875,0.9567171931266785,0.40385425090789795,0.42250171303749084
1761380609194137000,2.52713720703125,0.8962091207504272,0.31078052520751953,0.22232654690742493
1761380609204192300,2.537192138671875,0.7937626242637634,0.2991827130317688,0.08111456036567688
1761380609214248200,2.547248291015625,0.6991016268730164,0.17928479611873627,0.051531367003917694
1761380609224304000,2.55730419921875,0.6107267737388611,-0.05302433669567108,0.20927466452121735
1761380609234360300,2.5673603515625,0.5367925763130188,-0.44172146916389465,0.615301251411438
1761380609244415000,2.5774150390625,0.4693850576877594,-0.8941978812217712,1.2067523002624512
1761380609254471200,2.58747119140625,0.38347309827804565,-1.3135768175125122,1.789778232574463
1761380609264527000,2.597527099609375,0.2857412099838257,-1.7050180435180664,2.1375627517700195
1761380609274583000,2.6075830078125,0.16982072591781616,-1.9087810516357422,2.059344530105591
1761380609284639200,2.61763916015625,0.023124760016798973,-1.830647349357605,1.8483061790466309
1761380609294694100,2.627694091796875,-0.14207644760608673,-1.6371034383773804,1.8232152462005615
1761380609304750000,2.63775,-0.3784266710281372,-1.4371618032455444,1.9429994821548462
1761380609314806300,2.64780615234375,-0.6396343111991882,-1.6169531345367432,2.032773971557617
1761380609324862000,2.657862060546875,-0.7446448802947998,-1.982383370399475,1.649828314781189
1761380609334918100,2.667918212890625,-0.592880129814148,-2.271291732788086,0.6937350630760193
1761380609344973000,2.67797314453125,-0.2584001123905182,-2.7980265617370605,-0.18094554543495178
1761380609355029000,2.688029052734375,0.029268672689795494,-3.5225160121917725,-0.29393842816352844
1761380609365085200,2.698085205078125,0.010972223244607449,-3.757443904876709,0.21866843104362488
1761380609375141000,2.70814111328125,-0.29301509261131287,-3.4666128158569336,0.7355136871337891
1761380609385196300,2.7181962890625,-0.6586969494819641,-2.858975410461426,0.927693247795105
1761380609395252200,2.728252197265625,-0.9190512895584106,-2.086611270904541,0.8848190307617188
1761380609405308000,2.738307861328125,-0.9103403687477112,-1.6433839797973633,0.7086032629013062
1761380609415364000,2.748364013671875,-0.6452687382698059,-1.6759434938430786,0.37406522035598755
1761380609425420000,2.758419921875,-0.2867673337459564,-1.9480093717575073,-0.033005621284246445
1761380609435475200,2.76847509765625,0.06855829060077667,-2.231032609939575,-0.35852405428886414
1761380609445531100,2.77853125,0.40330779552459717,-2.401845693588257,-0.5500437021255493
1761380609455587000,2.788587158203125,0.6698206663131714,-2.4734127521514893,-0.6019724011421204
1761380609465643300,2.798643310546875,0.8284327387809753,-2.3265435695648193,-0.47424933314323425
1761380609475699000,2.808698974609375,0.8657843470573425,-1.9379711151123047,-0.22925768792629242
1761380609485755000,2.8187548828125,0.8468735218048096,-1.4331817626953125,0.014166153036057949
1761380609495811000,2.82881103515625,0.7489011287689209,-0.9924163222312927,0.20504529774188995
1761380609505866800,2.83886669921875,0.5430627465248108,-0.758904218673706,0.28976789116859436
1761380609515922700,2.848922607421875,0.23910845816135406,-0.6966879963874817,0.2698940634727478
1761380609525977900,2.858977783203125,-0.14970053732395172,-0.69375079870224,0.1359354704618454
1761380609536033800,2.86903369140625,-0.6167689561843872,-0.6917755007743835,-0.09135681390762329
1761380609546090000,2.879090087890625,-1.0991004705429077,-0.6590652465820312,-0.28669941425323486
1761380609556146000,2.88914599609375,-1.5485554933547974,-0.6126503348350525,-0.390581339597702
1761380609566201000,2.899201171875,-1.8237630128860474,-0.5212373733520508,-0.42566555738449097
1761380609576256800,2.9092568359375,-1.8639626502990723,-0.35846999287605286,-0.3152032196521759
1761380609586312700,2.919312744140625,-1.632873773574829,-0.2211741954088211,0.012411396019160748
1761380609596369000,2.929368896484375,-1.1855034828186035,-0.08394842594861984,0.4810403883457184
1761380609606424800,2.9394248046875,-0.7152203917503357,0.022660039365291595,0.9549368619918823
1761380609616480000,2.94947998046875,-0.36794313788414,0.25046631693840027,1.27496337890625
1761380609626536000,2.959535888671875,-0.13874536752700806,0.7639442682266235,1.261077642440796
1761380609636591900,2.969591796875,0.07649024575948715,1.1881349086761475,0.9477084875106812
1761380609646647800,2.979647705078125,0.2400038093328476,1.2263497114181519,0.5524290800094604
1761380609656704000,2.9897041015625,0.3667612075805664,1.14017653465271,0.2245180606842041
1761380609666758700,2.999758544921875,0.44277024269104004,1.2359975576400757,0.15413737297058105
1761380609676814800,3.00981494140625,0.42137786746025085,1.3586241006851196,0.4304802715778351
1761380609686870800,3.019870849609375,0.256989449262619,1.4500808715820312,0.5679289698600769
1761380609696926700,3.0299267578125,0.11981961131095886,1.5190788507461548,0.1207040473818779
1761380609706983000,3.03998291015625,0.10983674973249435,1.563538670539856,-0.7403126955032349
1761380609717037800,3.050037841796875,0.131802499294281,1.9767509698867798,-1.4820613861083984
1761380609727094000,3.060093994140625,0.02792457491159439,2.7404963970184326,-1.7914788722991943
1761380609737150000,3.07014990234375,-0.12282632291316986,3.6216840744018555,-1.6332511901855469
1761380609747206000,3.080205810546875,-0.22137899696826935,4.099835395812988,-1.2264621257781982
1761380609757260800,3.0902607421875,-0.2051912397146225,4.187048435211182,-0.5643169283866882
1761380609767316700,3.100316650390625,-0.051298607140779495,3.709263324737549,0.2713377773761749
1761380609777373000,3.110373046875,0.08707258105278015,2.740947961807251,0.7031301856040955
1761380609787428900,3.120428955078125,0.22833037376403809,1.9030981063842773,0.5590918064117432
1761380609797484800,3.13048486328125,0.39252063632011414,1.2586536407470703,0.08335880935192108
1761380609807540000,3.1405400390625,0.5449181795120239,0.8762537837028503,-0.4978981912136078
1761380609817596000,3.150595947265625,0.6636933088302612,0.558875560760498,-1.029990553855896
1761380609827652000,3.160652099609375,0.8309371471405029,0.33681902289390564,-1.472464919090271
1761380609837707800,3.170707763671875,0.9571805596351624,0.3813992738723755,-1.78879714012146
1761380609847763700,3.180763671875,0.9901691675186157,0.5288105607032776,-1.969548225402832
1761380609857819000,3.19081884765625,0.9305934309959412,0.5403236746788025,-1.9494253396987915
1761380609867874800,3.200874755859375,0.7848184108734131,0.5094808340072632,-1.781331181526184
1761380609877930800,3.2109306640625,0.6098918318748474,0.5126931071281433,-1.5827195644378662
1761380609887987000,3.220987060546875,0.4216255247592926,0.6396856904029846,-1.381152629852295
1761380609898041900,3.231041748046875,0.17279760539531708,0.8578366637229919,-1.2039341926574707
1761380609908098000,3.24109814453125,-0.08388637751340866,1.0054829120635986,-1.1057149171829224
1761380609918153700,3.25115380859375,-0.2397308349609375,0.9747436046600342,-1.0726336240768433
1761380609928209700,3.261209716796875,-0.30911576747894287,0.8100531697273254,-1.0915474891662598
1761380609938265900,3.271265869140625,-0.32295408844947815,0.4317095875740051,-1.1692299842834473
1761380609948320800,3.28132080078125,-0.24451680481433868,-0.04697389900684357,-1.2057411670684814
1761380609958377000,3.291376953125,-0.09080713242292404,-0.6911435723304749,-1.1587016582489014
1761380609968433000,3.301432861328125,0.0932505875825882,-1.2683970928192139,-0.9686989784240723
1761380609978488800,3.31148876953125,0.1834007203578949,-1.4259587526321411,-0.6357665657997131
1761380609988545000,3.321544921875,0.21439751982688904,-1.3431618213653564,-0.13475409150123596
1761380609998599700,3.331599609375,0.17152301967144012,-1.244036316871643,0.5463703870773315
1761380610008656000,3.34165576171875,0.07995395362377167,-1.3140287399291992,1.2712160348892212
1761380610018711800,3.3517119140625,-0.01931644044816494,-1.4024991989135742,1.6695681810379028
1761380610028767700,3.361767822265625,-0.1389019638299942,-1.3496549129486084,1.5777921676635742
1761380610038823000,3.371822998046875,-0.34995320439338684,-0.9525868892669678,1.224624752998352
1761380610048878800,3.38187890625,-0.6507490277290344,-0.08253828436136246,0.93389493227005
1761380610058935000,3.39193505859375,-0.9810882806777954,0.30173003673553467,0.8511025905609131
1761380610068991000,3.401990966796875,-1.278855562210083,-0.33242347836494446,0.7453018426895142
1761380610079047000,3.412046875,-1.4383125305175781,-1.4603062868118286,0.34577977657318115
1761380610089101800,3.422101806640625,-1.55201256275177,-2.5688555240631104,-0.12375549972057343
1761380610099157800,3.43215771484375,-1.7382920980453491,-3.5514371395111084,-0.29423242807388306
1761380610109214000,3.4422138671875,-1.7415190935134888,-4.140063762664795,0.14604748785495758
1761380610119270000,3.452269775390625,-1.5969789028167725,-4.578392505645752,0.8427826166152954
1761380610129325800,3.462325927734375,-1.6024850606918335,-4.475605010986328,1.2730357646942139
1761380610139381000,3.472381103515625,-1.762363314628601,-3.896620273590088,1.154914379119873
1761380610149437000,3.48243701171875,-1.8174444437026978,-3.0088369846343994,0.5697798728942871
1761380610159492900,3.492492919921875,-1.6394402980804443,-2.163947582244873,-0.2706964612007141
1761380610169549000,3.502549072265625,-1.2753833532333374,-1.5452393293380737,-1.0131511688232422
1761380610179603700,3.512603759765625,-0.8126300573348999,-1.2013354301452637,-1.4580769538879395
1761380610189660000,3.522659912109375,-0.28849729895591736,-1.3974906206130981,-1.6357377767562866
1761380610199715800,3.5327158203125,0.20735105872154236,-2.1623387336730957,-1.6090822219848633
1761380610209771800,3.542771728515625,0.6002823710441589,-2.7763054370880127,-1.4207639694213867
1761380610219828000,3.552827880859375,0.7860620617866516,-2.963451385498047,-1.1765155792236328
1761380610229883000,3.5628828125,0.7892104983329773,-2.7146310806274414,-0.9803018569946289
1761380610239939000,3.57293896484375,0.5732318162918091,-2.1727945804595947,-0.8376924991607666
1761380610249994800,3.582994873046875,0.17320559918880463,-1.4307187795639038,-0.6716281771659851
1761380610260050700,3.59305078125,-0.28170332312583923,-0.7156955003738403,-0.4956715404987335
1761380610270107000,3.60310693359375,-0.6901435256004333,-0.12064412236213684,-0.3312245309352875
1761380610280161800,3.613161865234375,-1.0374634265899658,0.33708134293556213,-0.18595415353775024
1761380610290218000,3.623218017578125,-1.2981237173080444,0.39510443806648254,-0.04518665373325348
1761380610300274000,3.63327392578125,-1.3754552602767944,0.3021199107170105,0.2143743485212326
1761380610310329900,3.643329833984375,-1.32188880443573,0.22171933948993683,0.602591872215271
1761380610320386000,3.653385986328125,-1.2135244607925415,0.2488875836133957,1.0564653873443604
1761380610330440700,3.663440673828125,-1.0066006183624268,0.34927570819854736,1.4793444871902466
1761380610340497000,3.673496826171875,-0.6983319520950317,0.6116974949836731,1.7572396993637085
1761380610350552800,3.683552734375,-0.3667982518672943,1.137648344039917,1.8897322416305542
1761380610360608800,3.69360888671875,-0.051605936139822006,1.5980260372161865,1.9027947187423706
1761380610370665000,3.7036650390625,0.1740144044160843,1.9261267185211182,1.8224256038665771
1761380610380719900,3.713719970703125,0.30115506052970886,2.1130568981170654,1.5585646629333496
1761380610390775800,3.72377587890625,0.3552795350551605,2.166977643966675,1.0835012197494507
1761380610400832000,3.73383203125,0.39326953887939453,2.1621479988098145,0.5255194306373596
1761380610410888000,3.743887939453125,0.48292243480682373,2.401998996734619,0.08213668316602707
1761380610420942800,3.75394287109375,0.609170138835907,2.800229549407959,-0.11291909217834473
1761380610430998800,3.763998779296875,0.7589239478111267,3.054180145263672,-0.42018529772758484
1761380610441054700,3.7740546875,0.9045336246490479,3.0273900032043457,-1.134283423423767
1761380610451111000,3.78411083984375,0.8959470391273499,3.010817050933838,-2.335242748260498
1761380610461166800,3.794166748046875,0.812248945236206,4.070032596588135,-3.398510456085205
1761380610471221500,3.804221435546875,0.7823362946510315,5.408961296081543,-3.582853078842163
1761380610481277400,3.81427734375,0.7518801689147949,6.157313823699951,-3.0413148403167725
1761380610491333400,3.82433349609375,0.6944519877433777,5.805610179901123,-2.1668930053710938
1761380610501389300,3.834389404296875,0.79341721534729,4.521298408508301,-1.4430913925170898
1761380610511445200,3.8444453125,1.209579586982727,2.9486465454101562,-0.943684458732605
1761380610521500400,3.85450048828125,1.6302553415298462,1.8771793842315674,-0.5495305061340332
1761380610531556400,3.864556396484375,1.7892316579818726,1.0701252222061157,-0.2080104500055313
1761380610541612300,3.8746123046875,1.8280131816864014,0.5198160409927368,0.0007976167253218591
1761380610551668500,3.88466845703125,1.7936402559280396,0.23955027759075165,-0.006987868342548609
1761380610561724400,3.894724365234375,1.663894534111023,0.2445775270462036,-0.2528306543827057
1761380610571779300,3.904779296875,1.4659223556518555,0.5992953777313232,-0.7626731395721436
1761380610581835300,3.914835205078125,1.2444086074829102,1.2455668449401855,-1.3305869102478027
1761380610591891200,3.92489111328125,1.040966272354126,1.8067798614501953,-1.7263380289077759
1761380610601947400,3.934947509765625,0.8324351906776428,2.078225612640381,-1.8533949851989746
1761380610612003300,3.94500341796875,0.6245253682136536,2.092931032180786,-1.7641066312789917
1761380610622058500,3.95505859375,0.4420229494571686,1.9822582006454468,-1.5250080823898315
1761380610632114400,3.965114501953125,0.26540103554725647,1.668212890625,-1.1673181056976318
1761380610642170400,3.97517041015625,0.11106393486261368,1.2874354124069214,-0.7128158211708069
1761380610652226600,3.9852265625,0.03465065360069275,0.8867133259773254,-0.3066810965538025
1761380610662282500,3.995282470703125,0.09288013726472855,0.5052682161331177,-0.1137113869190216
1761380610672337400,4.00533740234375,0.19723743200302124,0.2556796967983246,-0.11300511658191681
1761380610682390500,4.015390625,0.3040030300617218,-0.07031597197055817,-0.12856516242027283
1761380610692446500,4.025446533203125,0.37303057312965393,-0.5131863355636597,-0.08543660491704941
1761380610702502400,4.03550244140625,0.36113929748535156,-1.0537872314453125,0.06303942203521729
1761380610712558300,4.045558349609375,0.21148082613945007,-1.5722932815551758,0.3051210343837738
1761380610722613200,4.05561328125,0.04706710949540138,-1.8992362022399902,0.6198491454124451
1761380610732669400,4.06566943359375,-0.24318335950374603,-1.9343327283859253,0.8940828442573547
1761380610742725400,4.075725341796875,-0.5664383769035339,-1.8500947952270508,0.6621918082237244
1761380610752781300,4.08578125,-0.7640220522880554,-1.7224735021591187,-0.021033113822340965
1761380610762837500,4.09583740234375,-0.9230763912200928,-1.7008110284805298,-0.7139532566070557
1761380610772892400,4.105892333984375,-1.1143760681152344,-1.3434596061706543,-1.105581521987915
1761380610782948400,4.1159482421875,-1.3773856163024902,-0.6804397702217102,-0.939201295375824
1761380610793004300,4.12600439453125,-1.7280024290084839,-0.7443490028381348,-0.4541235566139221
1761380610803060200,4.136060302734375,-1.8703417778015137,-1.368972897529602,-0.16445446014404297
1761380610813116400,4.146116455078125,-1.5649056434631348,-2.348597526550293,-0.006198773626238108
1761380610823171300,4.15617138671875,-1.2134352922439575,-3.40972900390625,0.09082338213920593
1761380610833227500,4.1662275390625,-1.0333211421966553,-4.218869686126709,0.4230324923992157
1761380610843283500,4.176283447265625,-0.9851669073104858,-4.461985111236572,0.9369365572929382
1761380610853339400,4.18633935546875,-1.1205031871795654,-3.947742462158203,1.3393034934997559
1761380610863394300,4.196394287109375,-1.4578602313995361,-2.9229226112365723,1.7277976274490356
1761380610873450200,4.2064501953125,-1.8513222932815552,-1.8704447746276855,2.1273410320281982
1761380610883506200,4.216506103515625,-2.0704338550567627,-1.2187166213989258,2.254178285598755
1761380610893562400,4.226562255859375,-2.0713493824005127,-1.12958562374115,1.8483424186706543
1761380610903618300,4.236618408203125,-1.8432773351669312,-1.3623725175857544,0.9728359580039978
1761380610913673500,4.246673583984375,-1.4207559823989868,-1.7152634859085083,0.012297678738832474
1761380610923729400,4.2567294921875,-0.9390013217926025,-2.0145623683929443,-0.7387630343437195
1761380610933785300,4.266785400390625,-0.622992992401123,-2.0931060314178467,-1.1710747480392456
1761380610943841500,4.276841552734375,-0.45784690976142883,-2.0482189655303955,-1.2568005323410034
1761380610953897500,4.2868974609375,-0.44936367869377136,-1.8747715950012207,-0.9922871589660645
1761380610963952400,4.296952392578125,-0.5403287410736084,-1.5445116758346558,-0.5719945430755615
1761380610974008300,4.30700830078125,-0.7368351221084595,-1.2078498601913452,-0.2164526730775833
1761380610984064300,4.317064208984375,-0.9310339093208313,-0.7815472483634949,0.01215839572250843
1761380610994120400,4.327120361328125,-1.0786113739013672,-0.36317047476768494,0.04760906472802162
1761380611004176400,4.33717626953125,-1.1792881488800049,0.09545674920082092,0.028717398643493652
1761380611014231600,4.3472314453125,-1.2387735843658447,0.5643414258956909,0.06362531334161758
1761380611024287500,4.35728759765625,-1.194727897644043,0.9771292209625244,0.10609687119722366
1761380611034343400,4.367343505859375,-1.0044082403182983,1.100498080253601,0.15886367857456207
1761380611044399400,4.3773994140625,-0.6674600839614868,0.8918063640594482,0.24329707026481628
1761380611054457300,4.387457275390625,-0.20074482262134552,0.46049782633781433,0.3734143376350403
1761380611064513500,4.397513427734375,0.2940819561481476,0.0883658155798912,0.5174766778945923
1761380611074569500,4.407569580078125,0.6636613607406616,0.025297632440924644,0.6284692883491516
1761380611084625400,4.41762548828125,0.8581935167312622,0.271820068359375,0.6621319055557251
1761380611094681300,4.427681396484375,0.9254372715950012,0.6887294054031372,0.6631108522415161
1761380611104736300,4.437736328125,0.9134687781333923,1.2874319553375244,0.5945842862129211
1761380611114792400,4.44779248046875,0.833767831325531,1.9663476943969727,0.46039557456970215
1761380611124848400,4.457848388671875,0.7332547903060913,2.3033511638641357,0.37267690896987915
1761380611134904300,4.467904296875,0.7681262493133545,2.3270599842071533,0.3250694274902344
1761380611144960500,4.47796044921875,0.9275270700454712,2.0935118198394775,0.2489621490240097
1761380611155015400,4.488015380859375,1.1266756057739258,1.8573100566864014,-0.04705139994621277
1761380611165071400,4.4980712890625,1.3951616287231445,2.104201316833496,-0.600957453250885
1761380611175127300,4.508127197265625,1.6662781238555908,3.069390058517456,-1.1164023876190186
1761380611185183200,4.518183349609375,1.725743293762207,4.18792200088501,-1.5234192609786987
1761380611195239400,4.528239501953125,1.5479871034622192,5.108556747436523,-1.6041052341461182
1761380611205294300,4.53829443359375,1.3118212223052979,5.403154373168945,-1.2436059713363647
1761380611215350300,4.548350341796875,1.1307052373886108,4.964518070220947,-0.366931676864624
1761380611225406500,4.558406494140625,1.0931775569915771,3.8154349327087402,0.4776957333087921
1761380611235462400,4.56846240234375,1.164113998413086,2.6490206718444824,0.6489617228507996
1761380611245518300,4.578518310546875,1.2800790071487427,1.6648054122924805,0.3093661069869995
1761380611255573200,4.5885732421875,1.4455246925354004,0.8351806402206421,-0.15936915576457977
1761380611265629200,4.598629150390625,1.5691627264022827,0.23856383562088013,-0.501796543598175
1761380611275685400,4.608685302734375,1.6167672872543335,-0.1513836681842804,-0.6386694312095642
1761380611285741300,4.6187412109375,1.6575347185134888,-0.21876217424869537,-0.6821489930152893
1761380611295797200,4.62879736328125,1.7482272386550903,-0.006213154643774033,-0.7120714783668518
1761380611305852400,4.638852294921875,1.852756381034851,0.220829576253891,-0.6900468468666077
1761380611315908400,4.648908447265625,1.8760629892349243,0.3889932930469513,-0.5869141221046448
1761380611325964500,4.658964599609375,1.8122248649597168,0.589306116104126,-0.40592247247695923
1761380611336020500,4.6690205078125,1.6699298620224,0.8021960258483887,-0.20352835953235626
1761380611346076400,4.679076416015625,1.5072813034057617,1.0305123329162598,-0.049198172986507416
1761380611356131300,4.68913134765625,1.36366868019104,1.2544066905975342,0.05173430219292641
1761380611366187300,4.699187255859375,1.2465252876281738,1.3064690828323364,0.10201557725667953
1761380611376243500,4.709243408203125,1.145561933517456,1.1671305894851685,0.08681958168745041
1761380611386299400,4.71929931640625,1.0286965370178223,0.8850014209747314,0.11598306149244308
1761380611396355300,4.729355224609375,0.8651270866394043,0.4999381899833679,0.22215662896633148
1761380611406410500,4.739410400390625,0.6758943200111389,0.044983185827732086,0.419720321893692
1761380611416466400,4.749466552734375,0.49124643206596375,-0.48234426975250244,0.6721799969673157
1761380611426522400,4.7595224609375,0.30167675018310547,-1.014004111289978,0.9323835968971252
1761380611436578300,4.769578369140625,0.10895498096942902,-1.4686931371688843,1.1703882217407227
1761380611446634200,4.77963427734375,-0.08710507303476334,-1.852186679840088,1.3386235237121582
1761380611456689400,4.789689453125,-0.2843257188796997,-2.103682041168213,1.3504570722579956
1761380611466745300,4.799745361328125,-0.5065558552742004,-2.407071590423584,1.2388170957565308
1761380611476804900,4.809804931640625,-0.741870641708374,-2.7366840839385986,1.0129770040512085
1761380611486861000,4.819861083984375,-1.0013965368270874,-2.6894302368164062,0.7370287775993347
1761380611496917000,4.8299169921875,-1.3519963026046753,-2.1833322048187256,0.48228755593299866
1761380611506972000,4.839971923828125,-1.7756402492523193,-2.231189727783203,0.2702655792236328
1761380611517027800,4.85002783203125,-2.0971004962921143,-2.80057954788208,-0.13468217849731445
1761380611527083800,4.860083740234375,-2.2080001831054688,-2.947716474533081,-0.7561529278755188
1761380611537140000,4.870139892578125,-2.240159273147583,-2.9196465015411377,-0.9468584060668945
1761380611547196000,4.88019580078125,-2.2984957695007324,-3.3783609867095947,-0.5104507207870483
1761380611557251000,4.8902509765625,-2.3779184818267822,-3.5050721168518066,0.28775134682655334
1761380611567307000,4.90030712890625,-2.5807530879974365,-3.297687530517578,1.0973531007766724
1761380611577363000,4.910363037109375,-2.8020126819610596,-3.005852699279785,1.7427891492843628
1761380611587419000,4.9204189453125,-2.823415994644165,-2.6953125,2.1775271892547607
1761380611597474800,4.930474853515625,-2.657989740371704,-2.4553940296173096,2.3608644008636475
1761380611607530000,4.940530029296875,-2.340395212173462,-2.220276117324829,2.091477394104004
1761380611617586000,4.9505859375,-1.9276913404464722,-2.108706474304199,1.238816261291504
1761380611627641900,4.960641845703125,-1.4518818855285645,-2.105072498321533,-0.014858574606478214
1761380611637698000,4.970697998046875,-1.03035569190979,-2.168006420135498,-1.2200614213943481
1761380611647754000,4.98075390625,-0.8480716347694397,-2.2904746532440186,-2.05887508392334
1761380611657809000,4.990808837890625,-0.8306702971458435,-2.379365921020508,-2.4138882160186768
1761380611667864800,5.00086474609375,-0.9187567234039307,-2.363060712814331,-2.345111131668091
1761380611677920800,5.010920654296875,-1.0777589082717896,-2.3219492435455322,-1.9645880460739136
1761380611687977000,5.02097705078125,-1.2415305376052856,-2.037757158279419,-1.3941930532455444
1761380611698033000,5.031032958984375,-1.4030847549438477,-1.6291536092758179,-0.816956102848053
1761380611708087800,5.041087890625,-1.5616334676742554,-1.050963282585144,-0.3992176949977875
1761380611718144000,5.05114404296875,-1.7248377799987793,-0.3905743956565857,-0.17384903132915497
1761380611728200000,5.061199951171875,-1.884965419769287,0.06619313359260559,-0.1906311959028244
1761380611738256000,5.071255859375,-1.8820769786834717,0.19193348288536072,-0.3075841963291168
1761380611748312000,5.08131201171875,-1.7407736778259277,-0.013438044115900993,-0.34547749161720276
1761380611758366700,5.09136669921875,-1.467148780822754,-0.39360082149505615,-0.2983744442462921
1761380611768423000,5.1014228515625,-1.0586656332015991,-0.7568250894546509,-0.16851098835468292
1761380611778478800,5.111478759765625,-0.5518890023231506,-1.028183102607727,-0.01581518165767193
1761380611788534800,5.12153466796875,0.01113254576921463,-0.8758119344711304,0.18429793417453766
1761380611798591000,5.131591064453125,0.5455759763717651,-0.4143303334712982,0.48551449179649353
1761380611808646000,5.14164599609375,0.9689863324165344,0.2158883512020111,0.7780595421791077
1761380611818702000,5.1517021484375,1.2640960216522217,0.9754205346107483,0.9175617694854736
1761380611828758000,5.161758056640625,1.406792163848877,1.410079836845398,0.8077492713928223
1761380611838814000,5.17181396484375,1.4633548259735107,1.6608595848083496,0.29123184084892273
1761380611848870000,5.181869873046875,1.529178261756897,1.9609038829803467,-0.3536211848258972
1761380611858924800,5.1919248046875,1.61652410030365,1.9186993837356567,-0.4849368631839752
1761380611868981000,5.20198095703125,1.784180998802185,1.5910347700119019,-0.09915268421173096
1761380611879037000,5.212036865234375,2.0926942825317383,1.4817055463790894,0.22470474243164062
1761380611889092900,5.2220927734375,2.484145164489746,1.7196204662322998,0.19949686527252197
1761380611899149000,5.232149169921875,2.762655258178711,2.2432308197021484,0.07150773704051971
1761380611909204000,5.242203857421875,2.8932838439941406,2.9338581562042236,0.10855656862258911
1761380611919260000,5.252260009765625,2.871060371398926,3.556022882461548,0.4662262797355652
1761380611929315800,5.26231591796875,2.6539762020111084,3.908158540725708,0.9573115706443787
1761380611939371800,5.272371826171875,2.3646230697631836,3.889212131500244,1.2943034172058105
1761380611949428000,5.282427978515625,2.058253049850464,3.621347188949585,1.2943016290664673
1761380611959483000,5.29248291015625,1.8925977945327759,3.191871404647827,0.9838787317276001
1761380611969538800,5.302538818359375,1.8344454765319824,2.80877423286438,0.5332303643226624
1761380611979595000,5.312594970703125,1.8096057176589966,2.545158863067627,0.048227716237306595
1761380611989651000,5.32265087890625,1.774383544921875,2.1668474674224854,-0.3569093942642212
1761380611999707000,5.332706787109375,1.7113795280456543,1.8274658918380737,-0.5834131240844727
1761380612009761800,5.34276171875,1.6658748388290405,1.6191039085388184,-0.610365629196167
1761380612019817700,5.352817626953125,1.6614545583724976,1.5263254642486572,-0.5096219778060913
1761380612029874000,5.3628740234375,1.6319419145584106,1.4972646236419678,-0.375642329454422
1761380612039929900,5.372929931640625,1.5264469385147095,1.5560743808746338,-0.32102862000465393
1761380612049985800,5.38298583984375,1.3661006689071655,1.7388378381729126,-0.4499056339263916
1761380612060041000,5.393041015625,1.1985702514648438,1.898949146270752,-0.7318180203437805
1761380612070097000,5.403096923828125,1.0466063022613525,1.9207262992858887,-1.0689643621444702
1761380612080153000,5.413153076171875,0.9120423793792725,1.7860995531082153,-1.328687310218811
1761380612090209000,5.423208984375,0.8167883157730103,1.4056917428970337,-1.3926752805709839
1761380612100265000,5.433264892578125,0.7515538930892944,0.6922767162322998,-1.3034015893936157
1761380612110321000,5.44332080078125,0.7570458650588989,-0.15715020895004272,-1.1523606777191162
1761380612120375800,5.453375732421875,0.7449671030044556,-0.8583788871765137,-1.0185235738754272
1761380612130432000,5.463431884765625,0.6040406227111816,-1.358209490776062,-0.9582399725914001
1761380612140488000,5.473488037109375,0.39322158694267273,-1.6102393865585327,-0.9469116926193237
1761380612150544000,5.4835439453125,0.1947665512561798,-1.5798298120498657,-0.8650916814804077
1761380612160600000,5.49360009765625,-0.006938333623111248,-1.3777514696121216,-0.6831684708595276
1761380612170655000,5.503655029296875,-0.20346257090568542,-1.1928876638412476,-0.2674564719200134
1761380612180711000,5.5137109375,-0.45479974150657654,-1.0561436414718628,0.3457272946834564
1761380612190766800,5.523766845703125,-0.7533534169197083,-1.1455230712890625,0.9506848454475403
1761380612200822800,5.53382275390625,-1.082427978515625,-1.3288649320602417,1.21713387966156
1761380612210879000,5.54387890625,-1.3734110593795776,-1.365980625152588,0.9830268025398254
1761380612220934000,5.553933837890625,-1.6365662813186646,-1.0195688009262085,0.5297807455062866
1761380612230989800,5.56398974609375,-1.869191288948059,-0.32724761962890625,0.25086072087287903
1761380612241046000,5.5740458984375,-1.9522390365600586,-0.26283296942710876,0.33799535036087036
1761380612251102000,5.58410205078125,-1.9256638288497925,-0.848650336265564,0.5569724440574646
1761380612261158000,5.594157958984375,-1.8598417043685913,-1.2764952182769775,0.6715613603591919
1761380612271212800,5.604212890625,-1.7713661193847656,-1.8382080793380737,0.8959587812423706
1761380612281268700,5.614268798828125,-1.885584831237793,-2.6935503482818604,1.3908177614212036
1761380612291325000,5.624324951171875,-1.965671181678772,-3.3014180660247803,2.1750102043151855
1761380612301380900,5.634380859375,-1.9965249300003052,-3.3531816005706787,2.949519395828247
1761380612311436800,5.644436767578125,-2.0892295837402344,-2.6958706378936768,3.4711391925811768
1761380612321492000,5.654491943359375,-2.214966058731079,-2.0378756523132324,3.5587658882141113
1761380612331548000,5.6645478515625,-2.2861344814300537,-1.8090230226516724,3.138380527496338
1761380612341604000,5.67460400390625,-2.2570528984069824,-1.5986896753311157,2.332695722579956
1761380612351660000,5.684659912109375,-2.1510226726531982,-1.2562085390090942,1.310231328010559
1761380612361715700,5.6947158203125,-1.9553098678588867,-0.809937596321106,0.24107520282268524
1761380612371771000,5.70477099609375,-1.6475424766540527,-0.6517636775970459,-0.7056421041488647
1761380612381826800,5.714826904296875,-1.2483974695205688,-0.9219933152198792,-1.401710867881775
1761380612391883000,5.724883056640625,-0.838469922542572,-1.4330941438674927,-1.809809923171997
1761380612401939000,5.73493896484375,-0.5440369248390198,-1.9031537771224976,-1.8965877294540405
1761380612411995000,5.744994873046875,-0.41313350200653076,-2.0502684116363525,-1.6823729276657104
1761380612422050000,5.755050048828125,-0.43096259236335754,-1.875097632408142,-1.268845796585083
1761380612432106000,5.76510595703125,-0.5705689191818237,-1.4372515678405762,-0.7618675231933594
1761380612442162000,5.775161865234375,-0.7561651468276978,-0.8315717577934265,-0.24546729028224945
1761380612452217900,5.7852177734375,-0.9611867666244507,-0.09403675049543381,0.2018100917339325
1761380612462273800,5.795273681640625,-1.1617400646209717,0.6742817759513855,0.5011144876480103
1761380612472329000,5.805328857421875,-1.2905491590499878,1.3436635732650757,0.6930291056632996
1761380612482385000,5.815385009765625,-1.2546343803405762,1.7996127605438232,0.8018362522125244
1761380612492440800,5.82544091796875,-1.034845232963562,2.178851366043091,0.792668879032135
1761380612502497000,5.8354970703125,-0.6772173643112183,2.331779956817627,0.6029431223869324
1761380612512553000,5.845552978515625,-0.2466513216495514,2.189181089401245,0.26822957396507263
1761380612522608000,5.855608154296875,0.20682774484157562,1.955356478691101,-0.06594040244817734
1761380612532664000,5.8656640625,0.6014330983161926,1.7289718389511108,-0.27804920077323914
1761380612542720000,5.875719970703125,0.9216833114624023,1.4845740795135498,-0.3426489531993866
1761380612552776200,5.885776123046875,1.1835484504699707,1.2918368577957153,-0.3356863856315613
1761380612562832000,5.895831787109375,1.3530017137527466,1.0902845859527588,-0.2836924195289612
1761380612572887000,5.905886962890625,1.4526654481887817,0.9257280826568604,-0.17468179762363434
1761380612582943000,5.91594287109375,1.532461404800415,0.8837140798568726,0.08541183918714523
1761380612592999000,5.9259990234375,1.5557886362075806,0.9277150630950928,0.617242157459259
1761380612603055000,5.93605517578125,1.526755928993225,1.0610132217407227,1.1545506715774536
1761380612613111000,5.946111083984375,1.5721228122711182,1.2082573175430298,1.1489238739013672
1761380612623167000,5.9561669921875,1.6731640100479126,1.283250331878662,0.4778352677822113
1761380612633222100,5.96622216796875,1.8787448406219482,1.6639163494110107,-0.48118847608566284
1761380612643277800,5.97627783203125,2.031582832336426,2.4858248233795166,-1.151606559753418
1761380612653334000,5.986333984375,1.970589518547058,3.512735605239868,-1.2862378358840942
1761380612663390000,5.996389892578125,1.6831034421920776,4.235531330108643,-1.052322268486023
1761380612673446000,6.00644580078125,1.387363076210022,4.391127109527588,-0.6482256650924683
1761380612683501000,6.0165009765625,1.1440545320510864,4.304388046264648,-0.05598124489188194
1761380612693557000,6.026556884765625,0.8987577557563782,4.096116065979004,0.7063491344451904
1761380612703613000,6.036613037109375,0.772886335849762,3.6977736949920654,1.3589197397232056
1761380612713669000,6.046669189453125,0.7850176095962524,3.2004904747009277,1.5372058153152466
1761380612723725000,6.05672509765625,0.8938806653022766,2.739208936691284,1.1579104661941528
1761380612733780000,6.066780029296875,1.089667558670044,2.4160337448120117,0.5095460414886475
1761380612743836000,6.0768359375,1.2292349338531494,1.8970913887023926,-0.19804224371910095
1761380612753891800,6.086891845703125,1.232244849205017,1.3622279167175293,-0.7983845472335815
1761380612763948000,6.096947998046875,1.1813780069351196,1.0538051128387451,-1.0844842195510864
1761380612774004000,6.10700390625,1.1168138980865479,0.8465017080307007,-1.0707905292510986
1761380612784059100,6.11705908203125,1.0750707387924194,0.7966619729995728,-0.8468255400657654
1761380612794115000,6.127114990234375,1.0522111654281616,0.945688784122467,-0.43756774067878723
1761380612804171000,6.1371708984375,1.0384451150894165,1.1642812490463257,0.043785564601421356
1761380612814227200,6.147227294921875,1.0739953517913818,1.2637969255447388,0.47827789187431335
1761380612824283000,6.157282958984375,1.1411274671554565,1.2271859645843506,0.7796963453292847
1761380612834338000,6.167338134765625,1.1746324300765991,1.00277841091156,0.965567409992218
1761380612844394000,6.17739404296875,1.160446286201477,0.6278641819953918,1.0737318992614746
1761380612854450000,6.187449951171875,1.1690782308578491,0.0959949716925621,1.0623176097869873
1761380612864506000,6.197506103515625,1.2244689464569092,-0.48016342520713806,0.8752537369728088
1761380612874562000,6.20756201171875,1.293797492980957,-0.9246780276298523,0.5264148116111755
1761380612884617200,6.2176171875,1.3446577787399292,-1.1962741613388062,0.11118324846029282
1761380612894673200,6.227673095703125,1.3521273136138916,-1.4189974069595337,-0.20783601701259613
1761380612904728800,6.237728759765625,1.2401100397109985,-1.7173889875411987,-0.3245756924152374
1761380612914785000,6.247784912109375,0.9795727133750916,-1.9385311603546143,-0.2084946185350418
1761380612924841000,6.257841064453125,0.569347620010376,-1.9952285289764404,0.08643555641174316
1761380612934895900,6.267895751953125,0.001669269404374063,-1.9641201496124268,0.38780471682548523
1761380612944952000,6.2779521484375,-0.591457724571228,-1.8449221849441528,0.5482771992683411
1761380612955008000,6.288008056640625,-1.1380376815795898,-1.6761767864227295,0.5507105588912964
1761380612965064000,6.29806396484375,-1.6689904928207397,-1.809425711631775,0.47720277309417725
1761380612975120100,6.3081201171875,-2.0795576572418213,-2.4818766117095947,0.31445592641830444
1761380612985174800,6.3181748046875,-2.305199146270752,-3.3403329849243164,-0.1667003035545349
1761380612995231000,6.32823095703125,-2.3231091499328613,-3.814894437789917,-1.0496854782104492
1761380613005287000,6.338286865234375,-2.059404134750366,-3.732628583908081,-2.011626720428467
1761380613015342800,6.3483427734375,-1.619196891784668,-3.543229103088379,-2.438227653503418
1761380613025399000,6.35839892578125,-1.2780853509902954,-3.846038341522217,-1.9955742359161377
1761380613035454000,6.368453857421875,-1.1261717081069946,-4.496569633483887,-0.9560412764549255
1761380613045510100,6.37851025390625,-1.0833182334899902,-4.6958231925964355,0.17240293323993683
1761380613055566000,6.388566162109375,-1.059699535369873,-4.484466075897217,1.0072365999221802
1761380613065622000,6.3986220703125,-1.002469778060913,-3.9719316959381104,1.5655165910720825
1761380613075678200,6.40867822265625,-0.9748623371124268,-3.406654119491577,1.8336154222488403
1761380613085732900,6.41873291015625,-0.8725418448448181,-3.0346157550811768,1.7161457538604736
1761380613095789000,6.4287890625,-0.6511074900627136,-2.734022378921509,1.1275123357772827
1761380613105845000,6.438844970703125,-0.4333983063697815,-2.4391233921051025,0.2592025399208069
1761380613115901000,6.44890087890625,-0.2989741861820221,-2.1529428958892822,-0.6726527214050293
1761380613125957000,6.45895703125,-0.20237015187740326,-1.9060651063919067,-1.5496071577072144
1761380613136013000,6.469012939453125,-0.1722085177898407,-1.7621042728424072,-2.314093828201294
1761380613146068200,6.479068115234375,-0.14996446669101715,-1.7945436239242554,-2.8858630657196045
1761380613156124000,6.4891240234375,-0.1036377102136612,-2.020073175430298,-3.206054210662842
1761380613166179800,6.499179931640625,-0.10455037653446198,-2.3744168281555176,-3.2893431186676025
1761380613176236000,6.509236083984375,-0.09295843541622162,-2.698056936264038,-3.1034646034240723
1761380613186292000,6.5192919921875,-0.1281110942363739,-2.6440391540527344,-2.7361092567443848
1761380613196347000,6.529346923828125,-0.2576634883880615,-1.8597465753555298,-2.396005630493164
1761380613206403000,6.539403076171875,-0.4568175971508026,-0.6162447929382324,-2.2555904388427734
1761380613216459000,6.549458984375,-0.6669583320617676,0.6002727746963501,-2.168398857116699
1761380613226515000,6.559514892578125,-0.8854352831840515,1.3984298706054688,-1.911345362663269
1761380613236571100,6.569571044921875,-1.0422067642211914,1.6328424215316772,-1.446692705154419
1761380613246625800,6.579625732421875,-1.102595329284668,1.319664716720581,-0.7600432634353638
1761380613256682000,6.589681884765625,-1.1436750888824463,0.9420303702354431,0.036139894276857376
1761380613266738000,6.599738037109375,-1.1944386959075928,0.9453691840171814,0.7449034452438354
1761380613276793900,6.6097939453125,-1.1471004486083984,1.3885767459869385,1.1780139207839966
1761380613286850000,6.61985009765625,-0.8879258632659912,2.187098979949951,1.2978286743164062
1761380613296905000,6.629905029296875,-0.35677570104599,2.9213907718658447,1.285728931427002
1761380613306961200,6.639961181640625,0.24888864159584045,3.1437604427337646,1.3212543725967407
1761380613317017000,6.65001708984375,0.7222540974617004,2.6079206466674805,1.3944284915924072
1761380613327073000,6.660072998046875,0.9469231367111206,1.5903524160385132,1.3016159534454346
1761380613337129000,6.67012890625,0.9023197293281555,0.8656160235404968,0.912899374961853
1761380613347183900,6.680183837890625,0.6846025586128235,0.8469275832176208,0.45245108008384705
1761380613357240000,6.690239990234375,0.4829309582710266,1.2648729085922241,0.0965513065457344
1761380613367296000,6.7002958984375,0.45074108242988586,1.4450269937515259,-0.3333476185798645
1761380613377352000,6.71035205078125,0.7255318760871887,1.1524765491485596,-0.9930126070976257
1761380613387408100,6.720408203125,1.2130805253982544,1.3947736024856567,-1.5822492837905884
1761380613397464000,6.730464111328125,1.7037849426269531,2.729149341583252,-1.562338948249817
1761380613407519000,6.74051904296875,2.0595943927764893,4.10258674621582,-1.1031920909881592
1761380613417575000,6.750574951171875,2.035292148590088,5.036531925201416,-0.5566526055335999
1761380613427630800,6.760630859375,1.7892508506774902,5.479180335998535,-0.09902778267860413
1761380613437687000,6.77068701171875,1.5221019983291626,5.344787120819092,0.39687758684158325
1761380613447743000,6.780742919921875,1.3113263845443726,4.551274299621582,0.8864802718162537
1761380613457798000,6.7907978515625,1.177992343902588,3.496713876724243,1.1147280931472778
1761380613467854000,6.80085400390625,1.1902481317520142,2.616004705429077,0.9999845027923584
1761380613477907000,6.810906982421875,1.3412693738937378,1.751670241355896,0.6935438513755798
1761380613487963000,6.820962890625,1.510338306427002,0.9551312923431396,0.38716503977775574
1761380613498019000,6.83101904296875,1.628381371498108,0.48333150148391724,0.22100268304347992
1761380613508074000,6.841073974609375,1.6622092723846436,0.23978649079799652,0.23836329579353333
1761380613518130200,6.851130126953125,1.6116784811019897,0.1835075169801712,0.3539527356624603
1761380613528186000,6.86118603515625,1.5501892566680908,0.27109143137931824,0.4504318833351135
1761380613538242000,6.871241943359375,1.484047293663025,0.3479633033275604,0.5293514728546143
1761380613548298200,6.88129833984375,1.4197279214859009,0.38960716128349304,0.5624274015426636
1761380613558353000,6.891352783203125,1.4045319557189941,0.42405033111572266,0.4827197790145874
1761380613568409000,6.9014091796875,1.3861879110336304,0.5087002515792847,0.24435462057590485
1761380613578465000,6.911465087890625,1.3187752962112427,0.6319872736930847,-0.08604221045970917
1761380613588521000,6.92152099609375,1.2131742238998413,0.6713696122169495,-0.36449700593948364
1761380613598577000,6.931576904296875,1.1398720741271973,0.6370078921318054,-0.5501318573951721
1761380613608632000,6.941632080078125,1.0898305177688599,0.5672663450241089,-0.628968358039856
1761380613618688000,6.95168798828125,1.0102957487106323,0.4094357192516327,-0.6119589805603027
1761380613628744200,6.961744140625,0.8280752897262573,0.23037567734718323,-0.4832446873188019
1761380613638800100,6.971800048828125,0.6127816438674927,0.14469780027866364,-0.23716701567173004
1761380613648855800,6.981855712890625,0.38252606987953186,0.16519401967525482,0.04385081306099892
1761380613658911000,6.991910888671875,0.14337579905986786,0.2253154069185257,0.3252774178981781
1761380613668967000,7.001966796875,-0.08609546720981598,0.12592864036560059,0.6030856370925903
1761380613679023000,7.012023193359375,-0.35416874289512634,-0.26364707946777344,0.9078924059867859
1761380613689079000,7.0220791015625,-0.6730772256851196,-0.8047311305999756,1.136752724647522
1761380613699135000,7.032135009765625,-0.9381813406944275,-1.3028559684753418,1.1753818988800049
1761380613709190100,7.042190185546875,-1.0700935125350952,-1.8676013946533203,0.9237309694290161
1761380613719246000,7.05224609375,-1.0583817958831787,-2.3543202877044678,0.44917619228363037
1761380613729302000,7.062302001953125,-0.9745294451713562,-2.3438360691070557,0.045092642307281494
1761380613739358000,7.07235791015625,-0.9189034700393677,-1.8389472961425781,-0.01991645060479641
1761380613749414000,7.082413818359375,-0.9344837665557861,-1.7143529653549194,0.1494872272014618
1761380613759470000,7.092469970703125,-0.9735906720161438,-1.9651228189468384,-0.04836487025022507
1761380613769525000,7.10252490234375,-0.8815249800682068,-1.8788279294967651,-0.7319165468215942
1761380613779581200,7.112581298828125,-0.7804439067840576,-2.005781650543213,-1.3325235843658447
1761380613789637000,7.12263720703125,-0.6305207014083862,-2.373703956604004,-1.2803051471710205
1761380613799693000,7.132693115234375,-0.6134921908378601,-2.4518935680389404,-0.6321004629135132
1761380613809749200,7.142749267578125,-0.7307671308517456,-2.0758554935455322,0.2614595592021942
1761380613819804000,7.152803955078125,-0.9065560102462769,-1.4524462223052979,0.9592440128326416
1761380613829860000,7.162860107421875,-1.0847222805023193,-0.9548966288566589,1.2004661560058594
1761380613839916000,7.172916015625,-1.1588798761367798,-0.6013798713684082,1.0159988403320312
1761380613849972000,7.182971923828125,-1.0710562467575073,-0.4552503526210785,0.5595487952232361
1761380613860028000,7.19302783203125,-0.8869330286979675,-0.5030056238174438,-0.029957633465528488
1761380613870083000,7.2030830078125,-0.6095778346061707,-0.5730235576629639,-0.5287154912948608
1761380613880139000,7.213138916015625,-0.34461385011672974,-0.6650437712669373,-0.8175230622291565
1761380613890195200,7.2231953125,-0.09677421301603317,-0.7391491532325745,-0.9602501392364502
1761380613900251100,7.233251220703125,0.10920318961143494,-0.5613661408424377,-0.9730391502380371
1761380613910306800,7.243306884765625,0.24504011869430542,-0.16314071416854858,-0.8771123886108398
1761380613920362000,7.253362060546875,0.15607215464115143,0.2567194104194641,-0.47131797671318054
1761380613930418000,7.26341796875,0.030848726630210876,0.3754207491874695,-0.1570362150669098
1761380613940474000,7.27347412109375,-0.08353617042303085,0.15259434282779694,-0.05315616354346275
1761380613950530000,7.283530029296875,-0.12400876730680466,-0.07536745816469193,-0.10696719586849213
1761380613960586000,7.2935859375,-0.29923462867736816,-0.17326365411281586,-0.24404223263263702
1761380613970642200,7.30364208984375,-0.5674557089805603,-0.15584684908390045,-0.3959886133670807
1761380613980697000,7.313697021484375,-0.8225862979888916,0.11777936667203903,-0.45896679162979126
